ref,name,regime,window_start,queries,failed,raw_results,new_items,alerts,near_misses,status
CDe.001,ADF,DRC,2026-10-05,4,0,8,14,5,0,searched
CDe.002,BUTEMBO AIRLINES (BAL),DRC,2026-10-05,2,0,0,0,0,0,searched
CDe.003,COMPAGNIE AERIENNE DES GRANDS LACS (CAGL) ; GREAT LAKES BUSINESS COMPANY (GLBC),DRC,2026-10-05,4,0,36,36,0,0,searched
CDe.004,CONGOMET TRADING HOUSE,DRC,2026-10-05,1,0,0,0,0,0,searched
CDe.005,FORCES DEMOCRATIQUES DE LIBERATION DU RWANDA (FDLR),DRC,2026-10-05,4,0,51,20,10,0,searched
CDe.006,M23,DRC,2026-10-05,1,0,4,4,0,0,searched
CDe.007,MACHANGA LTD,DRC,2026-10-05,1,0,0,0,0,0,searched
CDe.008,TOUS POUR LA PAIX ET LE DEVELOPPEMENT (NGO),DRC,2026-10-05,4,0,57,57,6,41,searched
CDe.009,UGANDA COMMERCIAL IMPEX (UCI) LTD,DRC,2026-10-05,1,0,0,0,0,0,searched
CDe.010,ALLIANCE FLEUVE CONGO (AFC),DRC,2026-10-05,2,0,15,15,0,0,searched
CDe.011,TWIRWANEHO,DRC,2026-10-05,2,0,1,1,1,0,searched
CDi.001,ERIC BADEGE,DRC,2026-10-05,2,0,0,0,0,0,searched
CDi.002,FRANK KAKOLELE BWAMBALE,DRC,2026-10-05,2,0,3,3,0,1,searched
CDi.003,GASTON IYAMUREMYE,DRC,2026-10-05,4,0,0,0,0,0,searched
CDi.004,INNOCENT KAINA,DRC,2026-10-05,2,0,0,0,0,0,searched
CDi.005,JÉRÔME KAKWAVU BUKANDE,DRC,2026-10-05,4,0,1,1,0,0,searched
CDi.006,GERMAIN KATANGA,DRC,2026-10-05,2,0,0,0,0,0,searched
CDi.007,THOMAS LUBANGA,DRC,2026-10-05,2,0,6,8,0,2,searched
CDi.008,SULTANI MAKENGA,DRC,2026-10-05,2,0,0,0,0,0,searched
CDi.009,KHAWA PANGA MANDRO,DRC,2026-10-05,6,0,0,0,0,0,searched
CDi.010,CALLIXTE MBARUSHIMANA,DRC,2026-10-05,2,0,8,8,2,0,searched
CDi.011,IRUTA DOUGLAS MPAMO,DRC,2026-10-05,2,0,0,0,0,0,searched
CDi.012,SYLVESTRE MUDACUMURA,DRC,2026-10-05,4,0,0,1,0,0,searched
CDi.013,LEODOMIR MUGARAGU,DRC,2026-10-05,2,0,0,0,0,0,searched
CDi.014,LEOPOLD MUJYAMBERE,DRC,2026-10-05,4,0,8,8,0,0,searched
CDi.015,JAMIL MUKULU,DRC,2026-10-05,4,0,1,23,0,0,searched
CDi.016,IGNACE MURWANASHYAKA,DRC,2026-10-05,4,0,0,0,0,0,searched
CDi.017,STRATON MUSONI,DRC,2026-10-05,2,0,0,0,0,0,searched
CDi.018,JULES MUTEBUTSI,DRC,2026-10-05,2,0,0,0,0,0,searched
CDi.019,BAUDOIN NGARUYE WA MYAMURO,DRC,2026-10-05,4,0,0,0,0,0,searched
CDi.020,"MATHIEU, CHUI NGUDJOLO",DRC,2026-10-05,2,0,0,0,0,0,searched
CDi.021,FLORIBERT NGABU NJABU,DRC,2026-10-05,4,0,0,0,0,0,searched
CDi.022,LAURENT NKUNDA,DRC,2026-10-05,6,0,2,2,0,0,searched
CDi.023,FELICIEN NSANZUBUKIRE,DRC,2026-10-05,2,0,0,0,0,0,searched
CDi.024,PACIFIQUE NTAWUNGUKA,DRC,2026-10-05,4,0,0,0,0,0,searched
CDi.025,JAMES NYAKUNI,DRC,2026-10-05,1,0,0,0,0,0,searched
CDi.026,STANISLAS NZEYIMANA,DRC,2026-10-05,4,0,0,0,0,0,searched
CDi.027,DIEUDONNÉ OZIA MAZIO,DRC,2026-10-05,2,0,0,0,0,0,searched
CDi.028,JEAN-MARIE LUGERERO RUNIGA,DRC,2026-10-05,2,0,0,0,0,0,searched
CDi.029,NTABO NTABERI SHEKA,DRC,2026-10-05,2,0,0,0,0,0,searched
CDi.030,BOSCO TAGANDA,DRC,2026-10-05,4,0,0,0,0,0,searched
CDi.031,INNOCENT ZIMURINDA,DRC,2026-10-05,4,0,0,0,0,0,searched
CDi.032,MUHINDO AKILI MUNDOS,DRC,2026-10-05,2,0,0,0,0,0,searched
CDi.033,GUIDON SHIMIRAY MWISSA,DRC,2026-10-05,1,0,0,0,0,0,searched
CDi.034,LUCIEN NZAMBAMWITA,DRC,2026-10-05,2,0,0,0,0,0,searched
CDi.035,GÉDÉON KYUNGU MUTANGA WA BAFUNKWA KANONGA,DRC,2026-10-05,1,0,0,0,0,0,searched
CDi.036,SEKA BALUKU,DRC,2026-10-05,4,0,0,0,0,0,searched
CDi.037,PROTOGÈNE RUVUGAYIMIKORE,DRC,2026-10-05,4,0,0,0,0,0,searched
CDi.038,BERNARD MAHESHE BYAMUNGU,DRC,2026-10-05,4,0,0,0,0,0,searched
CDi.039,APOLLINAIRE HAKIZIMANA,DRC,2026-10-05,4,0,0,1,1,0,searched
CDi.040,AHMAD MAHMOOD HASSAN,DRC,2026-10-05,10,0,47,31,0,1,searched
CDi.041,MICHEL RUKUNDA,DRC,2026-10-05,4,0,0,0,0,0,searched
CDi.042,MOHAMED ALI NKALUBO,DRC,2026-10-05,6,0,3,3,0,0,searched
CDi.043,WILLIAM AMURI YAKUTUMBA,DRC,2026-10-05,2,0,0,0,0,0,searched
CDi.044,WILLY NGOMA,DRC,2026-10-05,2,0,0,0,0,0,searched
CDi.045,CORNEILLE NANGAA YOBELUO,DRC,2026-10-05,4,0,13,13,1,0,searched
CDi.046,SEBASTIEN UWIMBABAZI,DRC,2026-10-05,4,0,0,0,0,0,searched
CDi.047,MUHAMMED LUMISA,DRC,2026-10-05,6,5,0,0,0,0,partial — 5/6 queries failed
CDi.048,CHARLES SEMATAMA,DRC,2026-09-29,2,2,0,0,0,0,FAILED — every query errored
CDi.049,JOHN IMANI NZENZE,DRC,2026-09-29,4,4,0,0,0,0,FAILED — every query errored
CDi.050,GUSTAVE KUBWAYO,DRC,2026-09-29,4,4,0,0,0,0,FAILED — every query errored
CFe.002,LORD’S RESISTANCE ARMY,CAR,2026-09-29,4,4,0,0,0,0,FAILED — every query errored
CFi.001,FRANÇOIS YANGOUVONDA BOZIZÉ,CAR,2026-09-29,6,6,0,0,0,0,FAILED — every query errored
CFi.002,NOURREDINE ADAM,CAR,2026-09-29,9,9,0,0,0,0,FAILED — every query errored
CFi.004,ALFRED YEKATOM,CAR,2026-09-29,6,6,0,0,0,0,FAILED — every query errored
CFi.005,HABIB SOUSSOU,CAR,2026-09-29,2,2,0,0,0,0,FAILED — every query errored
CFi.006,OUMAR YOUNOUS ABDOULAY,CAR,2026-09-29,9,9,0,0,0,0,FAILED — every query errored
CFi.007,HAROUN GAYE,CAR,2026-09-29,4,4,0,0,0,0,FAILED — every query errored
CFi.008,EUGÈNE BARRET NGAÏKOSSET,CAR,2026-09-29,8,8,0,0,0,0,FAILED — every query errored
CFi.009,JOSEPH KONY,CAR,2026-09-29,4,4,0,1,0,1,FAILED — every query errored
CFi.010,ALI KONY,CAR,2026-09-29,5,5,0,14,4,3,FAILED — every query errored
CFi.011,SALIM KONY,CAR,2026-09-29,4,4,0,2,0,2,FAILED — every query errored
CFi.012,ABDOULAYE HISSENE,CAR,2026-09-29,6,6,0,0,0,0,FAILED — every query errored
CFi.013,MARTIN KOUMTAMADJI,CAR,2026-09-29,6,6,0,0,0,0,FAILED — every query errored
CFi.014,BI SIDI SOULEMAN,CAR,2026-09-29,4,4,0,0,0,0,FAILED — every query errored
CFi.015,ALI DARASSA,CAR,2026-09-29,8,8,0,0,0,0,FAILED — every query errored
GBi.001,IBRAIMA CAMARÁ,GB,2026-09-29,6,6,0,0,0,0,FAILED — every query errored
GBi.003,CRANHA DANFA,GB,2026-09-29,6,6,0,0,0,0,FAILED — every query errored
GBi.004,IDRISSA DJALÓ,GB,2026-09-29,6,6,0,0,0,0,FAILED — every query errored
GBi.005,ANTÓNIO INJAI,GB,2026-09-29,6,6,0,0,0,0,FAILED — every query errored
GBi.006,TCHIPA NA BIDON,GB,2026-09-29,6,6,0,0,0,0,FAILED — every query errored
GBi.007,TCHAM NA MAN,GB,2026-09-29,6,6,0,0,0,0,FAILED — every query errored
GBi.008,ESTÊVÃO NA MENA,GB,2026-09-29,3,3,0,0,0,0,FAILED — every query errored
GBi.009,DABA NAUALNA,GB,2026-09-29,6,6,0,0,0,0,FAILED — every query errored
GBi.010,JÚLIO NHATE,GB,2026-09-29,3,3,0,0,0,0,FAILED — every query errored
GBi.011,MAMADU TURE,GB,2026-09-29,9,9,0,0,0,0,FAILED — every query errored
HTe.001,GRAN GRIF,Haiti,2026-09-29,2,2,0,3,2,1,FAILED — every query errored
HTe.002,VIV ANSANM,Haiti,2026-09-29,6,6,0,10,3,1,FAILED — every query errored
HTi.001,JIMMY CHERIZIER,Haiti,2026-09-29,6,6,0,1,0,1,FAILED — every query errored
HTi.002,JOHNSON ANDRE,Haiti,2026-09-29,2,2,0,0,0,0,FAILED — every query errored
HTi.003,RENEL DESTINA,Haiti,2026-09-29,4,4,0,0,0,0,FAILED — every query errored
HTi.004,WILSON JOSEPH,Haiti,2026-09-29,4,4,0,0,0,0,FAILED — every query errored
HTi.005,VITELHOMME INNOCENT,Haiti,2026-09-29,4,4,0,0,0,0,FAILED — every query errored
HTi.006,PROPHANE VICTOR,Haiti,2026-09-29,2,2,0,0,0,0,FAILED — every query errored
HTi.007,LUCKSON ELAN,Haiti,2026-09-29,2,2,0,0,0,0,FAILED — every query errored
HTi.008,DIMITRI HERARD,Haiti,2026-09-29,1,1,0,0,0,0,FAILED — every query errored
HTi.009,KEMPES SANON,Haiti,2026-09-29,1,1,0,0,0,0,FAILED — every query errored
IQe.049,IDLEB COMPANY FOR SPINNING,Iraq,2026-09-29,2,2,0,0,0,0,FAILED — every query errored
IQe.197,AL WASEL AND BABEL GENERAL TRADING LLC,Iraq,2026-09-29,2,2,0,0,0,0,FAILED — every query errored
IQe.199,AVIATRANS ANSTALT,Iraq,2026-09-29,1,1,0,0,0,0,FAILED — every query errored
IQe.203,Al-ARABI TRADING COMPANY,Iraq,2026-09-29,2,2,0,0,0,0,FAILED — every query errored
IQe.204,"AL-BASHAIR TRADING COMPANY, LTD",Iraq,2026-09-29,4,4,0,0,0,0,FAILED — every query errored
IQe.205,"TRADING AND TRANSPORT SERVICES COMPANY, LTD",Iraq,2026-09-29,2,2,0,0,0,0,FAILED — every query errored
IQe.206,ALFA COMPANY LIMITED FOR INTERNATIONAL TRADING AND MARKETING,Iraq,2026-09-29,2,2,0,0,0,0,FAILED — every query errored
IQe.207,TECHNOLOGY AND DEVELOPMENT GROUP LIMITED,Iraq,2026-09-29,2,2,0,0,0,0,FAILED — every query errored
IQe.208,T.M.G. ENGINEERING LIMITED,Iraq,2026-09-29,2,2,0,0,0,0,FAILED — every query errored
IQi.001,SADDAM HUSSEIN AL-TIKRITI,Iraq,2026-09-29,4,4,0,3,0,0,FAILED — every query errored
IQi.002,QUSAY SADDAM HUSSEIN AL-TIKRITI,Iraq,2026-09-29,2,2,0,0,0,0,FAILED — every query errored
IQi.003,UDAY SADDAM HUSSEIN AL-TIKRITI,Iraq,2026-09-29,2,2,0,0,0,0,FAILED — every query errored
IQi.004,ABID HAMID MAHMUD AL-TIKRITI,Iraq,2026-09-29,2,2,0,1,1,0,FAILED — every query errored
IQi.005,ALI HASSAN AL-MAJID AL-TIKRITI,Iraq,2026-09-29,4,4,0,0,0,0,FAILED — every query errored
IQi.006,IZZAT IBRAHIM AL-DURI,Iraq,2026-09-29,4,4,0,0,0,0,FAILED — every query errored
IQi.007,HANI ABD-AL-LATIF TILFAH AL-TIKRITI,Iraq,2026-09-29,2,2,0,0,0,0,FAILED — every query errored
IQi.009,MUHAMMAD HAMZA ZUBAIDI,Iraq,2026-09-29,2,2,0,0,0,0,FAILED — every query errored
IQi.011,BARZAN ABD AL-GHAFUR SULAIMAN MAJID AL-TIKRITI,Iraq,2026-09-29,2,2,0,0,0,0,FAILED — every query errored
IQi.012,MUZAHIM SA'B HASSAN AL-TIKRITI,Iraq,2026-09-29,2,2,0,0,0,0,FAILED — every query errored
IQi.013,IBRAHIM AHMAD ABD AL-SATTAR MUHAMMED AL-TIKRITI,Iraq,2026-09-29,2,2,0,0,0,0,FAILED — every query errored
IQi.014,SAIF-AL-DIN FULAYYIH HASSAN TAHA AL-RAWI,Iraq,2026-09-29,2,2,0,0,0,0,FAILED — every query errored
IQi.015,RAFI ABD-AL-LATIF TILFAH AL-TIKRITI,Iraq,2026-09-29,2,2,0,0,0,0,FAILED — every query errored
IQi.016,TAHIR JALIL HABBUSH AL-TIKRITI,Iraq,2026-09-29,2,2,0,0,0,0,FAILED — every query errored
IQi.017,HAMID RAJA SHALAH AL-TIKRITI,Iraq,2026-09-29,2,2,0,0,0,0,FAILED — every query errored
IQi.019,ABD-AL-TAWWAB MULLAH HUWAYSH,Iraq,2026-09-29,2,2,0,0,0,0,FAILED — every query errored
IQi.020,TAHA YASSIN RAMADAN AL-JIZRAWI,Iraq,2026-09-29,2,2,0,0,0,0,FAILED — every query errored
IQi.021,RUKAN RAZUKI ABD-AL-GHAFUR SULAIMAN AL-TIKRITI,Iraq,2026-09-29,2,2,0,0,0,0,FAILED — every query errored
IQi.022,JAMAL MUSTAFA ABDALLAH SULTAN AL-TIKRITI,Iraq,2026-09-29,2,2,0,0,0,0,FAILED — every query errored
IQi.023,MIZBAN KHADR HADI,Iraq,2026-09-29,2,2,0,0,0,0,FAILED — every query errored
IQi.024,TAHA MUHYI-AL-DIN MA'RUF,Iraq,2026-09-29,2,2,0,0,0,0,FAILED — every query errored
IQi.025,TARIQ AZIZ,Iraq,2026-09-29,4,4,0,2,1,0,FAILED — every query errored
IQi.027,SULTAN HASHIM AHMAD AL-TA'I,Iraq,2026-09-29,2,2,0,0,0,0,FAILED — every query errored
IQi.028,HIKMAT MIZBAN IBRAHIM AL-AZZAWI,Iraq,2026-09-29,2,2,0,0,0,0,FAILED — every query errored
IQi.036,SAB'AWI IBRAHIM HASSAN AL-TIKRITI,Iraq,2026-09-29,2,2,0,0,0,0,FAILED — every query errored
IQi.037,WATBAN IBRAHIM HASSAN AL-TIKRITI,Iraq,2026-09-29,2,2,0,0,0,0,FAILED — every query errored
IQi.038,BARZAN IBRAHIM HASSAN AL-TIKRITI,Iraq,2026-09-29,2,2,0,0,0,0,FAILED — every query errored
IQi.039,HUDA SALIH MAHDI AMMASH,Iraq,2026-09-29,2,2,0,0,0,0,FAILED — every query errored
IQi.044,YAHIA ABDALLAH AL-UBAIDI,Iraq,2026-09-29,2,2,0,0,0,0,FAILED — every query errored
IQi.045,NAYIF SHINDAKH THAMIR GHALIB,Iraq,2026-09-29,2,2,0,0,0,0,FAILED — every query errored
IQi.046,SAIF-AL-DIN AL-MASHHADANI,Iraq,2026-09-29,2,2,0,0,0,0,FAILED — every query errored
IQi.047,FADIL MAHMUD GHARIB,Iraq,2026-09-29,2,2,0,0,0,0,FAILED — every query errored
IQi.048,MUHSIN KHADR AL-KHAFAJI,Iraq,2026-09-29,2,2,0,0,0,0,FAILED — every query errored
IQi.049,Rashid Taan Kathim,Iraq,2026-09-29,2,2,0,0,0,0,FAILED — every query errored
IQi.050,UGLA ABID SAKR AL-ZUBAISI,Iraq,2026-09-29,2,2,0,0,0,0,FAILED — every query errored
IQi.051,GHAZI HAMMUD AL-UBAIDI,Iraq,2026-09-29,2,2,0,0,0,0,FAILED — every query errored
IQi.052,ADIL ABDALLAH MAHDI,Iraq,2026-09-29,2,2,0,0,0,0,FAILED — every query errored
IQi.054,KHAMIS SIRHAN AL-MUHAMMAD,Iraq,2026-09-29,2,2,0,0,0,0,FAILED — every query errored
IQi.055,SA'D ABD-AL-MAJID AL-FAISAL AL-TIKRITI,Iraq,2026-09-29,2,2,0,0,0,0,FAILED — every query errored
IQi.056,SAJIDA KHAYRALLAH TILFAH,Iraq,2026-09-29,2,2,0,0,0,0,FAILED — every query errored
IQi.057,RAGHAD SADDAM HUSSEIN AL-TIKRITI,Iraq,2026-09-29,2,2,0,0,0,0,FAILED — every query errored
IQi.058,RANA SADDAM HUSSEIN AL-TIKRITI,Iraq,2026-09-29,2,2,0,0,0,0,FAILED — every query errored
IQi.059,HALA SADDAM HUSSEIN AL-TIKRITI,Iraq,2026-09-29,2,2,0,0,0,0,FAILED — every query errored
IQi.060,SAMIRA SHAHBANDAR,Iraq,2026-09-29,4,4,0,0,0,0,FAILED — every query errored
IQi.061,ALI SADDAM HUSSEIN AL-TIKRITI,Iraq,2026-09-29,4,4,0,96,33,3,FAILED — every query errored
IQi.062,MOHAMMAD BARZAN IBRAHIM HASAN AL-TIKRITI,Iraq,2026-09-29,2,2,0,0,0,0,FAILED — every query errored
IQi.063,SAJA BARZAN IBRAHIM HASAN AL-TIKRITI,Iraq,2026-09-29,2,2,0,0,0,0,FAILED — every query errored
IQi.064,ALI BARZAN IBRAHIM HASAN AL-TIKRITI,Iraq,2026-09-29,2,2,0,0,0,0,FAILED — every query errored
IQi.065,NOOR BARZAN IBRAHIM HASAN AL-TIKRITI,Iraq,2026-09-29,2,2,0,0,0,0,FAILED — every query errored
IQi.066,KHAWLA BARZAN IBRAHIM HASAN AL-TIKRITI,Iraq,2026-09-29,2,2,0,0,0,0,FAILED — every query errored
IQi.067,THORAYA BARZAN IBRAHIM HASAN AL-TIKRITI,Iraq,2026-09-29,2,2,0,0,0,0,FAILED — every query errored
IQi.068,JAWHAR MAJID AL-DURI,Iraq,2026-09-29,2,2,0,0,0,0,FAILED — every query errored
IQi.069,Sundus Abd Al-Ghafur,Iraq,2026-09-29,2,2,0,0,0,0,FAILED — every query errored
IQi.070,NIDAL AL-RABI'I,Iraq,2026-09-29,2,2,0,0,0,0,FAILED — every query errored
IQi.071,INTISSAR AL-UBAYDI,Iraq,2026-09-29,2,2,0,0,0,0,FAILED — every query errored
IQi.073,ADNAN S. HASAN AHMED,Iraq,2026-09-29,2,2,0,1,0,0,FAILED — every query errored
IQi.076,ADIB SHABAN AL-ANI,Iraq,2026-09-29,2,2,0,0,0,0,FAILED — every query errored
IQi.079,ROODI SLEWA,Iraq,2026-09-29,2,2,0,0,0,0,FAILED — every query errored
IQi.080,MUHAMMAD YUNIS AHMAD,Iraq,2026-09-29,4,4,0,0,0,0,FAILED — every query errored
IQi.081,YASIR SABAWI IBRAHIM HASAN AL-TIKRITI,Iraq,2026-09-29,4,4,0,0,0,0,FAILED — every query errored
IQi.082,OMAR SABAWI IBRAHIM HASAN AL-TIKRITI,Iraq,2026-09-29,4,4,0,0,0,0,FAILED — every query errored
IQi.083,AYMAN SABAWI IBRAHIM HASAN AL-TIKRITI,Iraq,2026-09-29,4,4,0,0,0,0,FAILED — every query errored
IQi.084,IBRAHIM SABAWI IBRAHIM HASAN AL-TIKRITI,Iraq,2026-09-29,4,4,0,0,0,0,FAILED — every query errored
IQi.085,BASHAR SABAWI IBRAHIM HASAN AL-TIKRITI,Iraq,2026-09-29,6,6,0,0,0,0,FAILED — every query errored
IQi.086,SA’D SABAWI IBRAHIM HASAN AL-TIKRITI,Iraq,2026-09-29,2,2,0,0,0,0,FAILED — every query errored
IRe.001,7TH OF TIR,Iran,2026-09-29,1,1,0,0,0,0,FAILED — every query errored
IRe.002,ABZAR BORESH KAVEH CO. (BK CO.),Iran,2026-09-29,1,1,0,0,0,0,FAILED — every query errored
IRe.003,AMIN INDUSTRIAL COMPLEX,Iran,2026-09-29,1,1,0,0,0,0,FAILED — every query errored
IRe.004,AMMUNITION AND METALLURGY INDUSTRIES GROUP (AMIG),Iran,2026-09-29,1,1,0,0,0,0,FAILED — every query errored
IRe.005,ARMAMENT INDUSTRIES GROUP (AIG),Iran,2026-09-29,1,1,0,0,0,0,FAILED — every query errored
IRe.006,ATOMIC ENERGY ORGANISATION OF IRAN (AEOI),Iran,2026-09-29,1,1,0,0,0,0,FAILED — every query errored
IRe.007,BANK SEPAH AND BANK SEPAH INTERNATIONAL,Iran,2026-09-29,1,1,0,0,0,0,FAILED — every query errored
IRe.008,BARZAGANI TEJARAT TAVANMAD SACCAL COMPANIES,Iran,2026-09-29,1,1,0,0,0,0,FAILED — every query errored
IRe.009,BEHINEH TRADING CO.,Iran,2026-09-29,1,1,0,0,0,0,FAILED — every query errored
IRe.010,CRUISE MISSILE INDUSTRY GROUP,Iran,2026-09-29,1,1,0,0,0,0,FAILED — every query errored
IRe.011,DEFENCE INDUSTRIES ORGANISATION (DIO),Iran,2026-09-29,1,1,0,0,0,0,FAILED — every query errored
IRe.012,DEFENSE TECHNOLOGY AND SCIENCE RESEARCH CENTER (DTSRC),Iran,2026-09-29,1,1,0,0,0,0,FAILED — every query errored
IRe.013,DOOSTAN INTERNATIONAL COMPANY (DICO),Iran,2026-09-29,1,1,0,0,0,0,FAILED — every query errored
IRe.014,ELECTRO SANAM COMPANY,Iran,2026-09-29,2,2,0,0,0,0,FAILED — every query errored
IRe.015,ESFAHAN NUCLEAR FUEL RESEARCH AND PRODUCTION CENTRE (NFRPC) AND ESFAHAN NUCLEAR TECHNOLOGY CENTRE (ENTC),Iran,2026-09-29,1,1,0,0,0,0,FAILED — every query errored
IRe.016,ETTEHAD TECHNICAL GROUP,Iran,2026-09-29,1,1,0,0,0,0,FAILED — every query errored
IRe.017,FAJR INDUSTRIAL GROUP,Iran,2026-09-29,1,1,0,0,0,0,FAILED — every query errored
IRe.018,FARASAKHT INDUSTRIES,Iran,2026-09-29,1,1,0,0,0,0,FAILED — every query errored
IRe.019,FARAYAND TECHNIQUE,Iran,2026-09-29,1,1,0,0,0,0,FAILED — every query errored
IRe.020,FATER INSTITUTE,Iran,2026-09-29,1,1,0,0,0,0,FAILED — every query errored
IRe.021,"FIRST EAST EXPORT BANK, P.L.C.",Iran,2026-09-29,2,2,0,0,0,0,FAILED — every query errored
IRe.022,GHARAGAHE SAZANDEGI GHAEM,Iran,2026-09-29,1,1,0,0,0,0,FAILED — every query errored
IRe.023,GHORB KARBALA,Iran,2026-09-29,1,1,0,0,0,0,FAILED — every query errored
IRe.024,GHORB NOOH,Iran,2026-09-29,1,1,0,0,0,0,FAILED — every query errored
IRe.025,HARA COMPANY,Iran,2026-09-29,1,1,0,0,0,0,FAILED — every query errored
IRe.026,IMENSAZAN CONSULTANT ENGINEERS INSTITUTE,Iran,2026-09-29,1,1,0,0,0,0,FAILED — every query errored
IRe.027,INDUSTRIAL FACTORIES OF PRECISION (IFP) MACHINERY,Iran,2026-09-29,1,1,0,0,0,0,FAILED — every query errored
IRe.028,IRANO HIND SHIPPING COMPANY,Iran,2026-09-29,1,1,0,0,0,0,FAILED — every query errored
IRe.029,IRISL BENELUX NV,Iran,2026-09-29,2,2,0,0,0,0,FAILED — every query errored
IRe.030,JABBER IBN HAYAN,Iran,2026-09-29,1,1,0,0,0,0,FAILED — every query errored
IRe.031,JOZA INDUSTRIAL CO.,Iran,2026-09-29,1,1,0,0,0,0,FAILED — every query errored
IRe.032,KALA-ELECTRIC,Iran,2026-09-29,1,1,0,0,0,0,FAILED — every query errored
IRe.033,KARAJ NUCLEAR RESEARCH CENTRE,Iran,2026-09-29,1,1,0,0,0,0,FAILED — every query errored
IRe.034,KAVEH CUTTING TOOLS COMPANY,Iran,2026-09-29,1,1,0,0,0,0,FAILED — every query errored
IRe.035,KAVOSHYAR COMPANY,Iran,2026-09-29,1,1,0,0,0,0,FAILED — every query errored
IRe.036,KHATAM AL-ANBIYA CONSTRUCTION HEADQUARTERS (KAA),Iran,2026-09-29,1,1,0,0,0,0,FAILED — every query errored
IRe.037,KHORASAN METALLURGY INDUSTRIES,Iran,2026-09-29,1,1,0,0,0,0,FAILED — every query errored
IRe.038,M. BABAIE INDUSTRIES,Iran,2026-09-29,1,1,0,0,0,0,FAILED — every query errored
IRe.039,MAKIN,Iran,2026-10-05,0,0,0,0,0,0,searched
IRe.040,MALEK ASHTAR UNIVERSITY,Iran,2026-09-29,1,1,0,1,1,0,FAILED — every query errored
IRe.041,MESBAH ENERGY COMPANY,Iran,2026-09-29,1,1,0,0,0,0,FAILED — every query errored
IRe.042,MINISTRY OF DEFENSE LOGISTICS EXPORT,Iran,2026-09-29,2,2,0,0,0,0,FAILED — every query errored
IRe.043,MIZAN MACHINERY MANUFACTURING,Iran,2026-09-29,2,2,0,0,0,0,FAILED — every query errored
IRe.044,MODERN INDUSTRIES TECHNIQUE COMPANY (MITEC),Iran,2026-09-29,3,3,0,1,0,1,FAILED — every query errored
IRe.045,NIRU BATTERY MANUFACTURING COMPANY,Iran,2026-09-29,1,1,0,0,0,0,FAILED — every query errored
IRe.046,NOVIN ENERGY COMPANY,Iran,2026-09-29,1,1,0,0,0,0,FAILED — every query errored
IRe.047,NUCLEAR RESEARCH CENTER FOR AGRICULTURE AND MEDICINE (NFRPC),Iran,2026-09-29,1,1,0,0,0,0,FAILED — every query errored
IRe.048,OMRAN SAHEL,Iran,2026-09-29,1,1,0,0,0,0,FAILED — every query errored
IRe.049,ORIENTAL OIL KISH,Iran,2026-09-29,1,1,0,0,0,0,FAILED — every query errored
IRe.050,PARCHIN CHEMICAL INDUSTRIES,Iran,2026-09-29,1,1,0,0,0,0,FAILED — every query errored
IRe.051,PARS AVIATION SERVICES COMPANY,Iran,2026-09-29,1,1,0,0,0,0,FAILED — every query errored
IRe.052,PARS TRASH COMPANY,Iran,2026-09-29,1,1,0,0,0,0,FAILED — every query errored
IRe.053,PEJMAN INDUSTRIAL SERVICES CORPORATION,Iran,2026-09-29,1,1,0,0,0,0,FAILED — every query errored
IRe.054,PISHGAM ENERGY INDUSTRIES,Iran,2026-09-29,1,1,0,0,0,0,FAILED — every query errored
IRe.055,QODS AERONAUTICS INDUSTRIES,Iran,2026-09-29,1,1,0,0,0,0,FAILED — every query errored
IRe.056,RAH SAHEL,Iran,2026-09-29,1,1,0,0,0,0,FAILED — every query errored
IRe.057,RAHAB ENGINEERING INSTITUTE,Iran,2026-09-29,1,1,0,0,0,0,FAILED — every query errored
IRe.058,SABALAN COMPANY,Iran,2026-09-29,1,1,0,0,0,0,FAILED — every query errored
IRe.059,SAD IMPORT EXPORT COMPANY,Iran,2026-09-29,1,1,0,0,0,0,FAILED — every query errored
IRe.060,SAFETY EQUIPMENT PROCUREMENT (SEP),Iran,2026-09-29,1,1,0,0,0,0,FAILED — every query errored
IRe.061,SAHAND ALUMINUM PARTS INDUSTRIAL COMPANY (SAPICO),Iran,2026-09-29,1,1,0,0,0,0,FAILED — every query errored
IRe.062,SAHEL CONSULTANT ENGINEERS,Iran,2026-09-29,1,1,0,0,0,0,FAILED — every query errored
IRe.063,SANAM INDUSTRIAL GROUP,Iran,2026-09-29,1,1,0,0,0,0,FAILED — every query errored
IRe.064,SEPANIR,Iran,2026-10-05,0,0,0,0,0,0,searched
IRe.065,SEPASAD ENGINEERING COMPANY,Iran,2026-09-29,1,1,0,0,0,0,FAILED — every query errored
IRe.066,SHAHID BAGHERI INDUSTRIAL GROUP (SBIG),Iran,2026-09-29,1,1,0,0,0,0,FAILED — every query errored
IRe.067,SHAHID HEMMAT INDUSTRIAL GROUP (SHIG),Iran,2026-09-29,1,1,0,0,0,0,FAILED — every query errored
IRe.068,SHAHID KARRAZI INDUSTRIES,Iran,2026-09-29,1,1,0,0,0,0,FAILED — every query errored
IRe.069,SHAHID SATTARI INDUSTRIES,Iran,2026-09-29,1,1,0,0,0,0,FAILED — every query errored
IRe.070,SHAHID SAYYADE SHIRAZI INDUSTRIES (SSSI),Iran,2026-09-29,1,1,0,0,0,0,FAILED — every query errored
IRe.071,SHO'A' AVIATION,Iran,2026-09-29,1,1,0,0,0,0,FAILED — every query errored
IRe.072,SOUTH SHIPPING LINE IRAN (SSL),Iran,2026-09-29,1,1,0,0,0,0,FAILED — every query errored
IRe.073,SPECIAL INDUSTRIES GROUP (SIG),Iran,2026-09-29,1,1,0,0,0,0,FAILED — every query errored
IRe.074,TAMAS COMPANY,Iran,2026-09-29,1,1,0,0,0,0,FAILED — every query errored
IRe.075,TIZ PARS,Iran,2026-09-29,1,1,0,0,0,0,FAILED — every query errored
IRe.076,YA MAHDI INDUSTRIES GROUP,Iran,2026-09-29,1,1,0,0,0,0,FAILED — every query errored
IRe.077,YAS AIR,Iran,2026-10-05,0,0,0,0,0,0,searched
IRe.078,YAZD METALLURGY INDUSTRIES (YMI),Iran,2026-09-29,1,1,0,0,0,0,FAILED — every query errored
IRi.001,FEREIDOUN ABBASI-DAVANI,Iran,2026-09-29,1,1,0,0,0,0,FAILED — every query errored
IRi.002,DAWOOD AGHA-JANI,Iran,2026-09-29,2,2,0,0,0,0,FAILED — every query errored
IRi.003,AZIM AGHAJANI,Iran,2026-09-29,2,2,0,0,0,0,FAILED — every query errored
IRi.004,ALI AKBAR AHMADIAN,Iran,2026-09-29,1,1,0,0,0,0,FAILED — every query errored
IRi.005,AMIR MOAYYED ALAI,Iran,2026-09-29,1,1,0,0,0,0,FAILED — every query errored
IRi.006,BEHMAN ASGARPOUR,Iran,2026-09-29,1,1,0,0,0,0,FAILED — every query errored
IRi.007,MOHAMMAD FEDAI ASHIANI,Iran,2026-09-29,1,1,0,0,0,0,FAILED — every query errored
IRi.008,ABBAS REZAEE ASHTIANI,Iran,2026-09-29,1,1,0,0,0,0,FAILED — every query errored
IRi.009,BAHMANYAR MORTEZA BAHMANYAR,Iran,2026-09-29,2,2,0,0,0,0,FAILED — every query errored
IRi.010,HALEH BAKHTIAR,Iran,2026-09-29,1,1,0,0,0,0,FAILED — every query errored
IRi.011,MORTEZA BEHZAD,Iran,2026-09-29,1,1,0,0,0,0,FAILED — every query errored
IRi.012,AHMAD VAHID DASTJERDI,Iran,2026-09-29,2,2,0,0,0,0,FAILED — every query errored
IRi.013,AHMAD DERAKHSHANDEH,Iran,2026-09-29,1,1,0,0,0,0,FAILED — every query errored
IRi.014,MOHAMMAD ESLAMI,Iran,2026-09-29,1,1,0,5,4,0,FAILED — every query errored
IRi.015,REZA-GHOLI ESMAELI,Iran,2026-09-29,2,2,0,0,0,0,FAILED — every query errored
IRi.016,MOHSEN FAKHRIZADEH-MAHABADI,Iran,2026-09-29,2,2,0,0,0,0,FAILED — every query errored
IRi.017,MOHAMMAD HEJAZI,Iran,2026-09-29,1,1,0,1,0,0,FAILED — every query errored
IRi.018,MOHSEN HOJATI,Iran,2026-09-29,2,2,0,0,0,0,FAILED — every query errored
IRi.019,SEYYED HUSSEIN HOSSEINI,Iran,2026-09-29,2,2,0,0,0,0,FAILED — every query errored
IRi.020,MEHRDADA AKHLAGHI KETABACHI,Iran,2026-09-29,2,2,0,0,0,0,FAILED — every query errored
IRi.021,ALI HAJINIA LEILABADI,Iran,2026-09-29,2,2,0,0,0,0,FAILED — every query errored
IRi.022,NASER MALEKI,Iran,2026-09-29,2,2,0,0,0,0,FAILED — every query errored
IRi.023,HAMID-REZA MOHAJERANI,Iran,2026-09-29,2,2,0,0,0,0,FAILED — every query errored
IRi.024,JAFAR MOHAMMADI,Iran,2026-09-29,1,1,0,0,0,0,FAILED — every query errored
IRi.025,EHSAN MONAJEMI,Iran,2026-09-29,1,1,0,0,0,0,FAILED — every query errored
IRi.026,MOHAMMAD REZA NAQDI,Iran,2026-09-29,1,1,0,10,7,0,FAILED — every query errored
IRi.027,MOHAMMAD MEHDI NEJAD NOURI,Iran,2026-09-29,1,1,0,0,0,0,FAILED — every query errored
IRi.028,HOUSHANG NOBARI,Iran,2026-09-29,1,1,0,0,0,0,FAILED — every query errored
IRi.029,MOHAMMAD QANNADI,Iran,2026-09-29,2,2,0,0,0,0,FAILED — every query errored
IRi.030,AMIR RAHIMI,Iran,2026-10-05,0,0,0,0,0,0,searched
IRi.031,JAVAD RAHIQI,Iran,2026-09-29,1,1,0,0,0,0,FAILED — every query errored
IRi.032,ABBAS RASHIDI,Iran,2026-09-29,1,1,0,0,0,0,FAILED — every query errored
IRi.033,MORTEZA REZAIE,Iran,2026-09-29,1,1,0,0,0,0,FAILED — every query errored
IRi.034,M. JAVAD KARIMI SABET,Iran,2026-09-29,1,1,0,0,0,0,FAILED — every query errored
IRi.035,MORTEZA SAFARI,Iran,2026-09-29,1,1,0,0,0,0,FAILED — every query errored
IRi.036,YAHYA RAHIM SAFAVI,Iran,2026-09-29,1,1,0,9,4,0,FAILED — every query errored
IRi.037,SEYED JABER SAFDARI,Iran,2026-09-29,1,1,0,0,0,0,FAILED — every query errored
IRi.038,HOSEIN SALIMI,Iran,2026-09-29,2,2,0,0,0,0,FAILED — every query errored
IRi.039,QASEM SOLEIMANI,Iran,2026-09-29,1,1,0,43,14,0,FAILED — every query errored
IRi.040,GHASEM SOLEYMANI,Iran,2026-09-29,1,1,0,0,0,0,FAILED — every query errored
IRi.041,ALI AKBAR TABATABAEI,Iran,2026-09-29,2,2,0,0,0,0,FAILED — every query errored
IRi.042,MOHAMMAD REZA ZAHEDI,Iran,2026-09-29,1,1,0,2,2,0,FAILED — every query errored
IRi.043,MOHAMMAD BAQER ZOLQADR,Iran,2026-09-29,1,1,0,0,0,0,FAILED — every query errored
KPe.001,KOREA MINING DEVELOPMENT TRADING CORPORATION,DPRK,2026-09-29,4,4,0,0,0,0,FAILED — every query errored
KPe.002,KOREA RYONBONG GENERAL CORPORATION,DPRK,2026-09-29,2,2,0,0,0,0,FAILED — every query errored
KPe.003,TANCHON COMMERCIAL BANK,DPRK,2026-09-29,2,2,0,0,0,0,FAILED — every query errored
KPe.004,NAMCHONGANG TRADING CORPORATION,DPRK,2026-09-29,6,6,0,0,0,0,FAILED — every query errored
KPe.005,HONG KONG ELECTRONICS,DPRK,2026-09-29,1,1,0,2,2,0,FAILED — every query errored
KPe.006,KOREA HYOKSIN TRADING CORPORATION,DPRK,2026-09-29,2,2,0,0,0,0,FAILED — every query errored
KPe.007,GENERAL BUREAU OF ATOMIC ENERGY (GBAE),DPRK,2026-09-29,2,2,0,0,0,0,FAILED — every query errored
KPe.008,KOREAN TANGUN TRADING CORPORATION,DPRK,2026-09-29,4,4,0,0,0,0,FAILED — every query errored
KPe.009,AMROGGANG DEVELOPMENT BANKING CORPORATION,DPRK,2026-09-29,2,2,0,0,0,0,FAILED — every query errored
KPe.010,GREEN PINE ASSOCIATED CORPORATION,DPRK,2026-09-29,6,6,0,1,0,0,FAILED — every query errored
KPe.011,KOREA HEUNGJIN TRADING COMPANY,DPRK,2026-09-29,2,2,0,0,0,0,FAILED — every query errored
KPe.012,KOREAN COMMITTEE FOR SPACE TECHNOLOGY,DPRK,2026-09-29,4,4,0,0,0,0,FAILED — every query errored
KPe.013,BANK OF EAST LAND,DPRK,2026-09-29,2,2,0,0,0,0,FAILED — every query errored
KPe.014,KOREA KUMRYONG TRADING CORPORATION,DPRK,2026-09-29,1,1,0,0,0,0,FAILED — every query errored
KPe.015,TOSONG TECHNOLOGY TRADING CORPORATION,DPRK,2026-09-29,2,2,0,0,0,0,FAILED — every query errored
KPe.016,KOREA RYONHA MACHINERY JOINT VENTURE CORPORATION,DPRK,2026-09-29,8,8,0,0,0,0,FAILED — every query errored
KPe.017,LEADER (HONG KONG) INTERNATIONAL,DPRK,2026-09-29,2,2,0,0,0,0,FAILED — every query errored
KPe.018,SECOND ACADEMY OF NATURAL SCIENCES,DPRK,2026-09-29,6,6,0,44,29,0,FAILED — every query errored
KPe.019,KOREA COMPLEX EQUIPMENT IMPORT CORPORATION,DPRK,2026-09-29,2,2,0,0,0,0,FAILED — every query errored
KPe.020,"OCEAN MARITIME MANAGEMENT COMPANY, LIMITED (OMM)",DPRK,2026-09-29,2,2,0,0,0,0,FAILED — every query errored
KPe.021,ACADEMY OF NATIONAL DEFENSE SCIENCE,DPRK,2026-09-29,2,2,0,0,0,0,FAILED — every query errored
KPe.022,CHONGCHONGANG SHIPPING COMPANY,DPRK,2026-09-29,4,4,0,0,0,0,FAILED — every query errored
KPe.023,DAEDONG CREDIT BANK (DCB),DPRK,2026-09-29,4,4,0,0,0,0,FAILED — every query errored
KPe.024,HESONG TRADING COMPANY,DPRK,2026-09-29,2,2,0,0,0,0,FAILED — every query errored
KPe.025,KOREA KWANGSON BANKING CORPORATION (KKBC),DPRK,2026-09-29,4,4,0,0,0,0,FAILED — every query errored
KPe.026,KOREA KWANGSONG TRADING CORPORATION,DPRK,2026-09-29,2,2,0,0,0,0,FAILED — every query errored
KPe.027,MINISTRY OF ATOMIC ENERGY INDUSTRY,DPRK,2026-09-29,4,4,0,0,0,0,FAILED — every query errored
KPe.028,MUNITIONS INDUSTRY DEPARTMENT,DPRK,2026-09-29,4,4,0,100,5,94,FAILED — every query errored
KPe.029,NATIONAL AEROSPACE TECHNOLOGY ADMINISTRATION,DPRK,2026-09-29,4,4,0,7,0,5,FAILED — every query errored
KPe.030,OFFICE 39,DPRK,2026-09-29,4,4,0,12,0,10,FAILED — every query errored
KPe.031,RECONNAISSANCE GENERAL BUREAU,DPRK,2026-09-29,4,4,0,1,1,0,FAILED — every query errored
KPe.032,SECOND ECONOMIC COMMITTEE,DPRK,2026-09-29,2,2,0,0,0,0,FAILED — every query errored
KPe.033,KOREA UNITED DEVELOPMENT BANK,DPRK,2026-09-29,2,2,0,0,0,0,FAILED — every query errored
KPe.034,ILSIM INTERNATIONAL BANK,DPRK,2026-09-29,2,2,0,0,0,0,FAILED — every query errored
KPe.035,KOREA DAESONG BANK,DPRK,2026-09-29,2,2,0,0,0,0,FAILED — every query errored
KPe.036,SINGWANG ECONOMICS AND TRADING GENERAL CORPORATION,DPRK,2026-09-29,2,2,0,0,0,0,FAILED — every query errored
KPe.037,KOREA FOREIGN TECHNICAL TRADE CENTER,DPRK,2026-09-29,2,2,0,0,0,0,FAILED — every query errored
KPe.038,KOREA PUGANG TRADING CORPORATION,DPRK,2026-09-29,2,2,0,0,0,0,FAILED — every query errored
KPe.039,KOREA INTERNATIONAL CHEMICAL JOINT VENTURE COMPANY,DPRK,2026-09-29,2,2,0,0,0,0,FAILED — every query errored
KPe.040,DCB FINANCE LIMITED,DPRK,2026-09-29,2,2,0,0,0,0,FAILED — every query errored
KPe.041,KOREA TAESONG TRADING COMPANY,DPRK,2026-09-29,2,2,0,0,0,0,FAILED — every query errored
KPe.042,KOREA DAESONG GENERAL TRADING CORPORATION,DPRK,2026-09-29,4,4,0,0,0,0,FAILED — every query errored
KPe.043,KANGBONG TRADING CORPORATION,DPRK,2026-09-29,2,2,0,0,0,0,FAILED — every query errored
KPe.044,KOREA KUMSAN TRADING CORPORATION,DPRK,2026-09-29,2,2,0,0,0,0,FAILED — every query errored
KPe.045,KORYO BANK,DPRK,2026-09-29,2,2,0,0,0,0,FAILED — every query errored
KPe.046,STRATEGIC ROCKET FORCE OF THE KOREAN PEOPLE’S ARMY,DPRK,2026-09-29,4,4,0,2,0,1,FAILED — every query errored
KPe.047,FOREIGN TRADE BANK (FTB),DPRK,2026-09-29,2,2,0,0,0,0,FAILED — every query errored
KPe.048,KOREAN NATIONAL INSURANCE COMPANY (KNIC),DPRK,2026-09-29,2,2,0,0,0,0,FAILED — every query errored
KPe.049,KORYO CREDIT DEVELOPMENT BANK,DPRK,2026-09-29,2,2,0,0,0,0,FAILED — every query errored
KPe.050,MANSUDAE OVERSEAS PROJECT GROUP OF COMPANIES,DPRK,2026-09-29,2,2,0,0,0,0,FAILED — every query errored
KPe.051,CENTRAL MILITARY COMMISSION OF THE WORKERS’ PARTY OF KOREA (CMC),DPRK,2026-09-29,2,2,0,0,0,0,FAILED — every query errored
KPe.052,ORGANIZATION AND GUIDANCE DEPARTMENT (OGD),DPRK,2026-09-29,2,2,0,0,0,0,FAILED — every query errored
KPe.053,PROPAGANDA AND AGITATION DEPARTMENT (PAD),DPRK,2026-09-29,2,2,0,0,0,0,FAILED — every query errored
KPe.054,MINISTRY OF NATIONAL DEFENCE,DPRK,2026-09-29,4,4,0,99,79,0,FAILED — every query errored
KPe.055,CHANG AN SHIPPING & TECHNOLOGY,DPRK,2026-09-29,2,2,0,0,0,0,FAILED — every query errored
KPe.056,CHONMYONG SHIPPING CO,DPRK,2026-09-29,4,4,0,0,0,0,FAILED — every query errored
KPe.057,FIRST OIL JV CO LTD,DPRK,2026-09-29,4,4,0,0,0,0,FAILED — every query errored
KPe.058,HAPJANGGANG SHIPPING CORP,DPRK,2026-09-29,4,4,0,0,0,0,FAILED — every query errored
KPe.059,HUAXIN SHIPPING HONGKONG LTD,DPRK,2026-09-29,2,2,0,0,0,0,FAILED — every query errored
KPe.060,"KINGLY WON INTERNATIONAL CO., LTD",DPRK,2026-09-29,1,1,0,0,0,0,FAILED — every query errored
KPe.061,KOREA ACHIM SHIPPING CO,DPRK,2026-09-29,4,4,0,0,0,0,FAILED — every query errored
KPe.062,KOREA ANSAN SHIPPING COMPANY,DPRK,2026-09-29,4,4,0,0,0,0,FAILED — every query errored
KPe.063,KOREA MYONGDOK SHIPPING CO,DPRK,2026-09-29,4,4,0,0,0,0,FAILED — every query errored
KPe.064,KOREA SAMJONG SHIPPING,DPRK,2026-09-29,4,4,0,0,0,0,FAILED — every query errored
KPe.065,KOREA SAMMA SHIPPING CO,DPRK,2026-09-29,4,4,0,0,0,0,FAILED — every query errored
KPe.066,KOREA YUJONG SHIPPING CO LTD,DPRK,2026-09-29,4,4,0,0,0,0,FAILED — every query errored
KPe.067,KOTI CORP,DPRK,2026-09-29,2,2,0,0,0,0,FAILED — every query errored
KPe.068,MYOHYANG SHIPPING CO,DPRK,2026-09-29,4,4,0,0,0,0,FAILED — every query errored
KPe.069,PAEKMA SHIPPING CO,DPRK,2026-09-29,2,2,0,0,0,0,FAILED — every query errored
KPe.070,PHYONGCHON SHIPPING & MARINE,DPRK,2026-09-29,4,4,0,0,0,0,FAILED — every query errored
KPe.071,PRO-GAIN GROUP CORPORATION,DPRK,2026-09-29,1,1,0,0,0,0,FAILED — every query errored
KPe.072,SHANGHAI DONGFENG SHIPPING CO LTD,DPRK,2026-09-29,2,2,0,0,0,0,FAILED — every query errored
KPe.073,SHEN ZHONG INTERNATIONAL SHIPPING,DPRK,2026-09-29,2,2,0,0,0,0,FAILED — every query errored
KPe.074,WEIHAI WORLD-SHIPPING FREIGHT,DPRK,2026-09-29,4,4,0,0,0,0,FAILED — every query errored
KPe.075,YUK TUNG ENERGY PTE LTD,DPRK,2026-09-29,2,2,0,0,0,0,FAILED — every query errored
KPi.001,YUN HO-JIN,DPRK,2026-09-29,2,2,0,0,0,0,FAILED — every query errored
KPi.002,RI JE-SON,DPRK,2026-09-29,2,2,0,0,0,0,FAILED — every query errored
KPi.003,HWANG SOK-HWA,DPRK,2026-09-29,2,2,0,0,0,0,FAILED — every query errored
KPi.004,RI HONG-SOP,DPRK,2026-09-29,2,2,0,0,0,0,FAILED — every query errored
KPi.005,HAN YU-RO,DPRK,2026-09-29,2,2,0,0,0,0,FAILED — every query errored
KPi.006,PAEK CHANG-HO,DPRK,2026-09-29,4,4,0,0,0,0,FAILED — every query errored
KPi.007,CHANG MYONG-CHIN,DPRK,2026-09-29,2,2,0,0,0,0,FAILED — every query errored
KPi.008,RA KY'ONG-SU,DPRK,2026-09-29,6,6,0,0,0,0,FAILED — every query errored
KPi.009,KIM KWANG-IL,DPRK,2026-09-29,4,4,0,0,0,0,FAILED — every query errored
KPi.010,YO'N CHO'NG NAM,DPRK,2026-09-29,2,2,0,0,0,0,FAILED — every query errored
KPi.011,KO CH'O'L-CHAE,DPRK,2026-09-29,2,2,0,0,0,0,FAILED — every query errored
KPi.012,MUN CHO'NG-CH'O'L,DPRK,2026-09-29,2,2,0,0,0,0,FAILED — every query errored
KPi.013,CHOE CHUN-SIK,DPRK,2026-09-29,2,2,0,0,0,0,FAILED — every query errored
KPi.014,CHOE SONG IL,DPRK,2026-09-29,4,4,0,0,0,0,FAILED — every query errored
KPi.015,HYON KWANG IL,DPRK,2026-09-29,2,2,0,0,0,0,FAILED — every query errored
KPi.016,JANG BOM SU,DPRK,2026-09-29,2,2,0,0,0,0,FAILED — every query errored
KPi.017,JANG YONG SON,DPRK,2026-09-29,4,4,0,0,0,0,FAILED — every query errored
KPi.018,JON MYONG GUK,DPRK,2026-09-29,4,4,0,0,0,0,FAILED — every query errored
KPi.019,KANG MUN KIL,DPRK,2026-09-29,4,4,0,0,0,0,FAILED — every query errored
KPi.020,KANG RYONG,DPRK,2026-09-29,2,2,0,0,0,0,FAILED — every query errored
KPi.021,KIM JUNG JONG,DPRK,2026-09-29,4,4,0,0,0,0,FAILED — every query errored
KPi.022,KIM KYU,DPRK,2026-10-05,0,0,0,0,0,0,searched
KPi.023,KIM TONG MY’ONG,DPRK,2026-09-29,6,6,0,0,0,0,FAILED — every query errored
KPi.024,KIM YONG CHOL,DPRK,2026-09-29,4,4,0,14,0,0,FAILED — every query errored
KPi.025,KO TAE HUN,DPRK,2026-09-29,4,4,0,0,0,0,FAILED — every query errored
KPi.026,RI MAN GON,DPRK,2026-09-29,4,4,0,0,0,0,FAILED — every query errored
KPi.027,RYU JIN,DPRK,2026-09-29,2,2,0,0,0,0,FAILED — every query errored
KPi.028,YU CHOL U,DPRK,2026-09-29,2,2,0,0,0,0,FAILED — every query errored
KPi.029,PAK CHUN IL,DPRK,2026-09-29,4,4,0,0,0,0,FAILED — every query errored
KPi.030,KIM SONG CHOL,DPRK,2026-09-29,4,4,0,0,0,0,FAILED — every query errored
KPi.031,SON JONG HYOK,DPRK,2026-09-29,4,4,0,0,0,0,FAILED — every query errored
KPi.032,KIM SE GON,DPRK,2026-09-29,4,4,0,0,0,0,FAILED — every query errored
KPi.033,RI WON HO,DPRK,2026-09-29,4,4,0,0,0,0,FAILED — every query errored
KPi.034,JO YONG CHOL,DPRK,2026-09-29,2,2,0,0,0,0,FAILED — every query errored
KPi.035,KIM CHOL SAM,DPRK,2026-09-29,4,4,0,0,0,0,FAILED — every query errored
KPi.036,KIM SOK CHOL,DPRK,2026-09-29,4,4,0,0,0,0,FAILED — every query errored
KPi.037,CHANG CHANG HA,DPRK,2026-09-29,2,2,0,0,0,0,FAILED — every query errored
KPi.038,CHO CHUN RYONG,DPRK,2026-09-29,2,2,0,0,0,0,FAILED — every query errored
KPi.039,SON MUN SAN,DPRK,2026-09-29,2,2,0,0,0,0,FAILED — every query errored
KPi.040,CHO IL U,DPRK,2026-09-29,6,6,0,0,0,0,FAILED — every query errored
KPi.041,CHO YON CHUN,DPRK,2026-09-29,2,2,0,0,0,0,FAILED — every query errored
KPi.042,CHOE HWI,DPRK,2026-09-29,2,2,0,0,0,0,FAILED — every query errored
KPi.043,JO YONG-WON,DPRK,2026-09-29,4,4,0,0,0,0,FAILED — every query errored
KPi.044,KIM CHOL NAM,DPRK,2026-09-29,4,4,0,0,0,0,FAILED — every query errored
KPi.045,KIM KYONG OK,DPRK,2026-09-29,2,2,0,0,0,0,FAILED — every query errored
KPi.046,KIM TONG-HO,DPRK,2026-09-29,4,4,0,0,0,0,FAILED — every query errored
KPi.047,MIN BYONG CHOL,DPRK,2026-09-29,2,2,0,0,0,0,FAILED — every query errored
KPi.048,PAEK SE BONG,DPRK,2026-09-29,2,2,0,0,0,0,FAILED — every query errored
KPi.049,PAK HAN SE,DPRK,2026-09-29,4,4,0,0,0,0,FAILED — every query errored
KPi.050,PAK TO CHUN,DPRK,2026-09-29,2,2,0,0,0,0,FAILED — every query errored
KPi.051,RI JAE IL,DPRK,2026-09-29,2,2,0,0,0,0,FAILED — every query errored
KPi.052,RI SU YONG,DPRK,2026-09-29,4,4,0,0,0,0,FAILED — every query errored
KPi.053,RI YONG MU,DPRK,2026-09-29,2,2,0,0,0,0,FAILED — every query errored
KPi.054,CHOE CHUN YONG,DPRK,2026-09-29,4,4,0,0,0,0,FAILED — every query errored
KPi.055,HAN JANG SU,DPRK,2026-09-29,4,4,0,0,0,0,FAILED — every query errored
KPi.056,JANG SONG CHOL,DPRK,2026-09-29,2,2,0,0,0,0,FAILED — every query errored
KPi.057,JANG SUNG NAM,DPRK,2026-09-29,4,4,0,0,0,0,FAILED — every query errored
KPi.058,JO CHOL SONG,DPRK,2026-09-29,4,4,0,0,0,0,FAILED — every query errored
KPi.059,KANG CHOL SU,DPRK,2026-09-29,4,4,0,0,0,0,FAILED — every query errored
KPi.060,KIM MUN CHOL,DPRK,2026-09-29,2,2,0,0,0,0,FAILED — every query errored
KPi.061,KIM NAM UNG,DPRK,2026-09-29,4,4,0,0,0,0,FAILED — every query errored
KPi.062,Pak Il Kyu,DPRK,2026-09-29,4,4,0,0,0,0,FAILED — every query errored
KPi.063,PAK YONG SIK,DPRK,2026-09-29,2,2,0,0,0,0,FAILED — every query errored
KPi.064,CH'OE SO’K MIN,DPRK,2026-09-29,4,4,0,0,0,0,FAILED — every query errored
KPi.065,CHU HYO’K,DPRK,2026-09-29,6,6,0,0,0,0,FAILED — every query errored
KPi.066,KIM JONG SIK,DPRK,2026-09-29,2,2,0,0,0,0,FAILED — every query errored
KPi.067,KIM KYONG IL,DPRK,2026-09-29,6,6,0,0,0,0,FAILED — every query errored
KPi.068,KIM TONG CHOL,DPRK,2026-09-29,4,4,0,0,0,0,FAILED — every query errored
KPi.069,KO CHOL MAN,DPRK,2026-09-29,4,4,0,0,0,0,FAILED — every query errored
KPi.070,KU JA HYONG,DPRK,2026-09-29,3,3,0,0,0,0,FAILED — every query errored
KPi.071,MUN KYONG HWAN,DPRK,2026-09-29,4,4,0,0,0,0,FAILED — every query errored
KPi.072,PAE WON UK,DPRK,2026-09-29,4,4,0,0,0,0,FAILED — every query errored
KPi.073,PAK BONG NAM,DPRK,2026-09-29,2,2,0,0,0,0,FAILED — every query errored
KPi.074,RI CHUN HWAN,DPRK,2026-09-29,4,4,0,0,0,0,FAILED — every query errored
KPi.075,RI CHUN SONG,DPRK,2026-09-29,4,4,0,0,0,0,FAILED — every query errored
KPi.076,RI PYONG CHUL,DPRK,2026-09-29,2,2,0,0,0,0,FAILED — every query errored
KPi.077,RI SONG HYOK,DPRK,2026-09-29,4,4,0,0,0,0,FAILED — every query errored
KPi.078,RI U’N SO’NG,DPRK,2026-09-29,2,2,0,0,0,0,FAILED — every query errored
KPi.079,PAK MUN IL,DPRK,2026-09-29,4,4,0,0,0,0,FAILED — every query errored
KPi.080,TSANG YUNG YUAN,DPRK,2026-09-29,2,2,0,0,0,0,FAILED — every query errored
LYe.001,LIBYAN INVESTMENT AUTHORITY,Libya,2026-09-29,2,2,0,11,1,0,FAILED — every query errored
LYe.002,LIBYAN AFRICA INVESTMENT PORTFOLIO,Libya,2026-09-29,2,2,0,0,0,0,FAILED — every query errored
LYe.006,AVAX,Libya,2026-09-29,1,1,0,0,0,0,FAILED — every query errored
LYi.001,ABDULQADER MOHAMMED AL-BAGHDADI,Libya,2026-09-29,6,6,0,0,0,0,FAILED — every query errored
LYi.002,ABDULQADER YUSEF DIBRI,Libya,2026-09-29,1,1,0,0,0,0,FAILED — every query errored
LYi.003,SAYYID MOHAMMED QADHAF AL-DAM,Libya,2026-09-29,4,4,0,0,0,0,FAILED — every query errored
LYi.004,QUREN SALIH QUREN AL QADHAFI,Libya,2026-09-29,2,2,0,0,0,0,FAILED — every query errored
LYi.005,AMID HUSAIN AL KUNI,Libya,2026-09-29,2,2,0,0,0,0,FAILED — every query errored
LYi.006,ABU ZAYD UMAR DORDA,Libya,2026-09-29,2,2,0,0,0,0,FAILED — every query errored
LYi.007,ABU BAKR YUNIS JABIR,Libya,2026-09-29,1,1,0,0,0,0,FAILED — every query errored
LYi.008,MATUQ MOHAMMED MATUQ,Libya,2026-09-29,1,1,0,0,0,0,FAILED — every query errored
LYi.009,AISHA MUAMMAR MUHAMMED ABU MINYAR QADHAFI,Libya,2026-09-29,4,4,0,0,0,0,FAILED — every query errored
LYi.010,HANNIBAL MUAMMAR QADHAFI,Libya,2026-09-29,6,6,0,0,0,0,FAILED — every query errored
LYi.011,KHAMIS MUAMMAR QADHAFI,Libya,2026-09-29,1,1,0,0,0,0,FAILED — every query errored
LYi.012,MOHAMMED MUAMMAR QADHAFI,Libya,2026-09-29,4,4,0,0,0,0,FAILED — every query errored
LYi.013,MUAMMAR MOHAMMED ABU MINYAR QADHAFI,Libya,2026-09-29,1,1,0,0,0,0,FAILED — every query errored
LYi.014,MUTASSIM QADHAFI,Libya,2026-09-29,3,3,0,0,0,0,FAILED — every query errored
LYi.015,SAADI QADHAFI,Libya,2026-09-29,4,4,0,0,0,0,FAILED — every query errored
LYi.016,SAIF AL-ARAB QADHAFI,Libya,2026-09-29,1,1,0,0,0,0,FAILED — every query errored
LYi.017,SAIF AL-ISLAM QADHAFI,Libya,2026-09-29,4,4,0,0,0,0,FAILED — every query errored
LYi.018,ABDULLAH AL-SENUSSI,Libya,2026-09-29,2,2,0,0,0,0,FAILED — every query errored
LYi.019,SAFIA FARKASH AL-BARASSI,Libya,2026-09-29,4,4,0,0,0,0,FAILED — every query errored
LYi.021,Ermias Alem,Libya,2026-09-29,2,2,0,0,0,0,FAILED — every query errored
LYi.022,Fitiwi Abdelrazak,Libya,2026-09-29,3,3,0,7,2,5,FAILED — every query errored
LYi.023,Ahmad Oumar Imhamad al-Fitouri,Libya,2026-09-29,8,8,0,0,0,0,FAILED — every query errored
LYi.024,Mus’ab Mustafa Abu al Qassim Omar,Libya,2026-09-29,4,4,0,0,0,0,FAILED — every query errored
LYi.025,Mohammed Al Amin Al-Arabi Kashlaf,Libya,2026-09-29,4,4,0,2,0,0,FAILED — every query errored
LYi.026,Abd Al-Rahman SALIM IBRAHIM AL-MILAD,Libya,2026-09-29,6,6,0,0,0,0,FAILED — every query errored
LYi.027,Ibrahim Saeed Salim Jadhran,Libya,2026-09-29,4,4,0,0,0,0,FAILED — every query errored
LYi.028,Salah Badi,Libya,2026-09-29,1,1,0,0,0,0,FAILED — every query errored
LYi.029,Osama Al Kuni Ibrahim,Libya,2026-09-29,4,4,0,0,0,0,FAILED — every query errored
QDe.001,ABU SAYYAF GROUP,Al-Qaida,2026-09-29,1,1,0,3,3,0,FAILED — every query errored
QDe.002,AL-ITIHAAD AL-ISLAMIYA / AIAI,Al-Qaida,2026-09-29,1,1,0,0,0,0,FAILED — every query errored
QDe.003,EGYPTIAN ISLAMIC JIHAD,Al-Qaida,2026-09-29,2,2,0,5,3,0,FAILED — every query errored
QDe.004,AL-QAIDA,Al-Qaida,2026-09-29,3,3,0,100,63,3,FAILED — every query errored
QDe.005,AL RASHID TRUST,Al-Qaida,2026-09-29,2,2,0,0,0,0,FAILED — every query errored
QDe.006,ARMED ISLAMIC GROUP,Al-Qaida,2026-09-29,6,6,0,1,1,0,FAILED — every query errored
QDe.007,ASBAT AL-ANSAR,Al-Qaida,2026-09-29,3,3,0,0,0,0,FAILED — every query errored
QDe.008,HARAKAT UL-MUJAHIDIN / HUM,Al-Qaida,2026-09-29,3,3,0,21,0,2,FAILED — every query errored
QDe.009,ISLAMIC ARMY OF ADEN,Al-Qaida,2026-09-29,1,1,0,0,0,0,FAILED — every query errored
QDe.010,ISLAMIC MOVEMENT OF UZBEKISTAN,Al-Qaida,2026-09-29,2,2,0,3,3,0,FAILED — every query errored
QDe.011,LIBYAN ISLAMIC FIGHTING GROUP,Al-Qaida,2026-09-29,4,4,0,0,0,0,FAILED — every query errored
QDe.012,MAKHTAB AL-KHIDAMAT,Al-Qaida,2026-09-29,2,2,0,0,0,0,FAILED — every query errored
QDe.014,THE ORGANIZATION OF AL-QAIDA IN THE ISLAMIC MAGHREB,Al-Qaida,2026-09-29,6,6,0,0,0,0,FAILED — every query errored
QDe.015,WAFA HUMANITARIAN ORGANIZATION,Al-Qaida,2026-09-29,4,4,0,0,0,0,FAILED — every query errored
QDe.019,JAISH-I-MOHAMMED,Al-Qaida,2026-09-29,1,1,0,0,0,0,FAILED — every query errored
QDe.020,JAM'YAH TA'AWUN AL-ISLAMIA,Al-Qaida,2026-09-29,1,1,0,0,0,0,FAILED — every query errored
QDe.021,RABITA TRUST,Al-Qaida,2026-09-29,1,1,0,0,0,0,FAILED — every query errored
QDe.068,UMMAH TAMEER E-NAU (UTN),Al-Qaida,2026-09-29,1,1,0,0,0,0,FAILED — every query errored
QDe.069,AFGHAN SUPPORT COMMITTEE (ASC),Al-Qaida,2026-09-29,2,2,0,0,0,0,FAILED — every query errored
QDe.070,REVIVAL OF ISLAMIC HERITAGE SOCIETY,Al-Qaida,2026-09-29,3,3,0,0,0,0,FAILED — every query errored
QDe.088,EASTERN TURKISTAN ISLAMIC MOVEMENT (ETIM),Al-Qaida,2026-09-29,2,2,0,0,0,0,FAILED — every query errored
QDe.089,MOROCCAN ISLAMIC COMBATANT GROUP,Al-Qaida,2026-09-29,6,6,0,0,0,0,FAILED — every query errored
QDe.090,TUNISIAN COMBATANT GROUP,Al-Qaida,2026-09-29,6,6,0,0,0,0,FAILED — every query errored
QDe.091,GLOBAL RELIEF FOUNDATION (GRF),Al-Qaida,2026-09-29,1,1,0,0,0,0,FAILED — every query errored
QDe.092,JEMAAH ISLAMIYAH,Al-Qaida,2026-09-29,2,2,0,3,3,0,FAILED — every query errored
QDe.093,BENEVOLENCE INTERNATIONAL FOUNDATION,Al-Qaida,2026-09-29,4,4,0,0,0,0,FAILED — every query errored
QDe.096,LASHKAR I JHANGVI (LJ),Al-Qaida,2026-09-29,1,1,0,0,0,0,FAILED — every query errored
QDe.098,ANSAR AL-ISLAM,Al-Qaida,2026-09-29,3,3,0,1,1,0,FAILED — every query errored
QDe.099,ISLAMIC INTERNATIONAL BRIGADE (IIB),Al-Qaida,2026-09-29,2,2,0,0,0,0,FAILED — every query errored
QDe.100,RIYADUS-SALIKHIN RECONNAISSANCE AND SABOTAGE BATTALION OF CHECHEN MARTYRS (RSRSBCM),Al-Qaida,2026-09-29,2,2,0,0,0,0,FAILED — every query errored
QDe.101,SPECIAL PURPOSE ISLAMIC REGIMENT (SPIR),Al-Qaida,2026-09-29,1,1,0,0,0,0,FAILED — every query errored
QDe.104,AL-HARAMAIN FOUNDATION (PAKISTAN),Al-Qaida,2026-09-29,1,1,0,0,0,0,FAILED — every query errored
QDe.105,AL-HARAMAYN FOUNDATION (KENYA),Al-Qaida,2026-09-29,1,1,0,0,0,0,FAILED — every query errored
QDe.106,AL-HARAMAYN FOUNDATION (TANZANIA),Al-Qaida,2026-09-29,1,1,0,0,0,0,FAILED — every query errored
QDe.107,AL FURQAN,Al-Qaida,2026-09-29,3,3,0,1,0,1,FAILED — every query errored
QDe.108,TAIBAH INTERNATIONAL-BOSNIA OFFICES,Al-Qaida,2026-09-29,2,2,0,0,0,0,FAILED — every query errored
QDe.109,AL-HARAMAIN & AL MASJED AL-AQSA CHARITY FOUNDATION,Al-Qaida,2026-09-29,2,2,0,0,0,0,FAILED — every query errored
QDe.110,AL-HARAMAIN: AFGHANISTAN BRANCH,Al-Qaida,2026-09-29,1,1,0,0,0,0,FAILED — every query errored
QDe.111,AL-HARAMAIN: ALBANIA BRANCH,Al-Qaida,2026-09-29,1,1,0,0,0,0,FAILED — every query errored
QDe.112,AL-HARAMAIN: BANGLADESH BRANCH,Al-Qaida,2026-09-29,1,1,0,0,0,0,FAILED — every query errored
QDe.113,AL-HARAMAIN: ETHIOPIA BRANCH,Al-Qaida,2026-09-29,1,1,0,0,0,0,FAILED — every query errored
QDe.114,AL-HARAMAIN: THE NETHERLANDS BRANCH,Al-Qaida,2026-09-29,1,1,0,0,0,0,FAILED — every query errored
QDe.115,AL-QAIDA IN IRAQ,Al-Qaida,2026-09-29,5,5,0,1,0,0,FAILED — every query errored
QDe.116,AL-HARAMAIN FOUNDATION (UNION OF THE COMOROS),Al-Qaida,2026-09-29,3,3,0,0,0,0,FAILED — every query errored
QDe.118,LASHKAR-E-TAYYIBA,Al-Qaida,2026-09-29,8,8,0,8,1,0,FAILED — every query errored
QDe.119,ISLAMIC JIHAD GROUP,Al-Qaida,2026-09-29,4,4,0,0,0,0,FAILED — every query errored
QDe.121,AL-AKHTAR TRUST INTERNATIONAL,Al-Qaida,2026-09-29,2,2,0,0,0,0,FAILED — every query errored
QDe.128,RAJAH SOLAIMAN MOVEMENT,Al-Qaida,2026-09-29,1,1,0,0,0,0,FAILED — every query errored
QDe.129,AL-QAIDA IN THE ARABIAN PENINSULA (AQAP),Al-Qaida,2026-09-29,2,2,0,0,0,0,FAILED — every query errored
QDe.130,HARAKAT-UL JIHAD ISLAMI,Al-Qaida,2026-09-29,3,3,0,0,0,0,FAILED — every query errored
QDe.131,EMARAT KAVKAZ,Al-Qaida,2026-09-29,1,1,0,0,0,0,FAILED — every query errored
QDe.132,TEHRIK-E TALIBAN PAKISTAN (TTP),Al-Qaida,2026-09-29,2,2,0,99,60,0,FAILED — every query errored
QDe.133,JEMMAH ANSHORUT TAUHID (JAT),Al-Qaida,2026-09-29,4,4,0,0,0,0,FAILED — every query errored
QDe.134,MOUVEMENT POUR L’UNIFICATION ET LE JIHAD EN AFRIQUE DE L’OUEST (MUJAO),Al-Qaida,2026-09-29,3,3,0,0,0,0,FAILED — every query errored
QDe.135,ANSAR EDDINE,Al-Qaida,2026-09-29,2,2,0,0,0,0,FAILED — every query errored
QDe.136,MUHAMMAD JAMAL NETWORK (MJN),Al-Qaida,2026-09-29,2,2,0,0,0,0,FAILED — every query errored
QDe.138,JAMA'ATU AHLIS SUNNA LIDDA'AWATI WAL-JIHAD,Al-Qaida,2026-09-29,2,2,0,92,57,9,FAILED — every query errored
QDe.139,AL MOUAKAOUNE BIDDAM,Al-Qaida,2026-09-29,2,2,0,0,0,0,FAILED — every query errored
QDe.140,AL MOULATHAMOUN,Al-Qaida,2026-09-29,3,3,0,0,0,0,FAILED — every query errored
QDe.141,AL MOURABITOUN,Al-Qaida,2026-09-29,2,2,0,0,0,0,FAILED — every query errored
QDe.142,ANSARUL MUSLIMINA FI BILADIS SUDAN,Al-Qaida,2026-09-29,3,3,0,0,0,0,FAILED — every query errored
QDe.143,ANSAR AL-SHARI’A IN TUNISIA (AAS-T),Al-Qaida,2026-09-29,6,6,0,0,0,0,FAILED — every query errored
QDe.144,ABDALLAH AZZAM BRIGADES (AAB),Al-Qaida,2026-09-29,1,1,0,0,0,0,FAILED — every query errored
QDe.145,ANSAR AL CHARIA DERNA,Al-Qaida,2026-09-29,1,1,0,0,0,0,FAILED — every query errored
QDe.146,ANSAR AL CHARIA BENGHAZI,Al-Qaida,2026-09-29,2,2,0,0,0,0,FAILED — every query errored
QDe.147,HILAL AHMAR SOCIETY INDONESIA (HASI),Al-Qaida,2026-09-29,1,1,0,0,0,0,FAILED — every query errored
QDe.148,THE ARMY OF EMIGRANTS AND SUPPORTERS,Al-Qaida,2026-09-29,4,4,0,0,0,0,FAILED — every query errored
QDe.149,HARAKAT SHAM AL-ISLAM,Al-Qaida,2026-09-29,2,2,0,0,0,0,FAILED — every query errored
QDe.150,MUJAHIDIN INDONESIAN TIMUR (MIT),Al-Qaida,2026-09-29,4,4,0,1,1,0,FAILED — every query errored
QDe.151,JUND AL-KHILAFAH IN ALGERIA (JAK-A),Al-Qaida,2026-09-29,6,6,0,0,0,0,FAILED — every query errored
QDe.152,JAMAAT-UL-AHRAR (JuA),Al-Qaida,2026-09-29,1,1,0,0,0,0,FAILED — every query errored
QDe.153,"HANIFA MONEY EXCHANGE OFFICE (BRANCH LOCATED IN ALBU KAMAL, SYRIAN ARAB REPUBLIC)",Al-Qaida,2026-09-29,4,4,0,0,0,0,FAILED — every query errored
QDe.154,SELSELAT AL-THAHAB,Al-Qaida,2026-09-29,4,4,0,0,0,0,FAILED — every query errored
QDe.155,Jaysh Khalid Ibn al Waleed,Al-Qaida,2026-09-29,1,1,0,0,0,0,FAILED — every query errored
QDe.156,JUND AL AQSA,Al-Qaida,2026-09-29,2,2,0,2,1,0,FAILED — every query errored
QDe.157,AL-KAWTHAR MONEY EXCHANGE,Al-Qaida,2026-09-29,2,2,0,0,0,0,FAILED — every query errored
QDe.158,KHATIBA IMAM AL-BUKHARI (KIB),Al-Qaida,2026-09-29,2,2,0,0,0,0,FAILED — every query errored
QDe.159,JAMA'A NUSRAT UL-ISLAM WA AL-MUSLIMIN (JNIM),Al-Qaida,2026-09-29,1,1,0,0,0,0,FAILED — every query errored
QDe.160,TARIQ GIDAR GROUP (TGG),Al-Qaida,2026-09-29,3,3,0,0,0,0,FAILED — every query errored
QDe.161,ISLAMIC STATE IN IRAQ AND THE LEVANT - KHORASAN (ISIL-K),Al-Qaida,2026-09-29,4,4,0,0,0,0,FAILED — every query errored
QDe.162,ISLAMIC STATE WEST AFRICA PROVINCE (ISWAP),Al-Qaida,2026-09-29,2,2,0,0,0,0,FAILED — every query errored
QDe.163,ISLAMIC STATE IN THE GREATER SAHARA (ISGS),Al-Qaida,2026-09-29,2,2,0,0,0,0,FAILED — every query errored
QDe.164,JAMAAH ANSHARUT DAULAH,Al-Qaida,2026-09-29,1,1,0,2,2,0,FAILED — every query errored
QDe.165,ISLAMIC STATE IN IRAQ AND THE LEVANT - LIBYA,Al-Qaida,2026-09-29,2,2,0,0,0,0,FAILED — every query errored
QDe.166,ISLAMIC STATE IN IRAQ AND THE LEVANT - YEMEN,Al-Qaida,2026-09-29,2,2,0,0,0,0,FAILED — every query errored
QDe.167,JUND AL-KHILAFAH IN TUNISIA (JAK-T),Al-Qaida,2026-09-29,3,3,0,0,0,0,FAILED — every query errored
QDe.168,KHATIBA JAMA`AT AL-TAWHID WAL-JIHAD (KTJ),Al-Qaida,2026-09-29,1,1,0,0,0,0,FAILED — every query errored
QDe.169,"Islamic State In Iraq And the Levant In South-East Asia (ISIL-SEA, ISIL-South East Asia)",Al-Qaida,2026-09-29,1,1,0,0,0,0,FAILED — every query errored
QDi.001,MOHAMMED SALAHALDIN ABD EL HALIM ZIDANE,Al-Qaida,2026-09-29,6,6,0,0,0,0,FAILED — every query errored
QDi.002,AMIN MUHAMMAD UL HAQ SAAM KHAN,Al-Qaida,2026-09-29,2,2,0,2,0,0,FAILED — every query errored
QDi.003,SALIM AHMAD SALIM HAMDAN,Al-Qaida,2026-09-29,4,4,0,0,0,0,FAILED — every query errored
QDi.006,AIMAN MUHAMMED RABI AL-ZAWAHIRI,Al-Qaida,2026-09-29,12,12,0,0,0,0,FAILED — every query errored
QDi.009,BILAL BIN MARWAN,Al-Qaida,2026-09-29,1,1,0,0,0,0,FAILED — every query errored
QDi.012,NASHWAN ABD AL-RAZZAQ ABD AL-BAQI,Al-Qaida,2026-09-29,10,10,0,0,0,0,FAILED — every query errored
QDi.014,TARIQ ANWAR EL SAYED AHMED,Al-Qaida,2026-09-29,2,2,0,0,0,0,FAILED — every query errored
QDi.015,MAHFOUZ OULD AL-WALID,Al-Qaida,2026-09-29,3,3,0,0,0,0,FAILED — every query errored
QDi.017,THARWAT SALAH SHIHATA,Al-Qaida,2026-09-29,4,4,0,0,0,0,FAILED — every query errored
QDi.018,ABDUL MANAN AGHA,Al-Qaida,2026-09-29,1,1,0,1,0,1,FAILED — every query errored
QDi.019,ABDULLAH AHMED ABDULLAH EL ALFI,Al-Qaida,2026-09-29,4,4,0,0,0,0,FAILED — every query errored
QDi.020,MOHAMMAD HAMDI MOHAMMAD SADIQ AL-AHDAL,Al-Qaida,2026-09-29,4,4,0,0,0,0,FAILED — every query errored
QDi.028,AHMED KHALFAN GHAILANI,Al-Qaida,2026-09-29,6,6,0,25,4,2,FAILED — every query errored
QDi.029,RAED MUHAMMAD HASAN MUHAMMAD HIJAZI,Al-Qaida,2026-09-29,6,6,0,0,0,0,FAILED — every query errored
QDi.031,OMAR MAHMOUD UTHMAN,Al-Qaida,2026-09-29,6,6,0,0,0,0,FAILED — every query errored
QDi.037,ABDUL RAHMAN YASIN,Al-Qaida,2026-09-29,3,3,0,0,0,0,FAILED — every query errored
QDi.042,HASSAN DAHIR AWEYS,Al-Qaida,2026-09-29,8,8,0,0,0,0,FAILED — every query errored
QDi.055,MAHMOOD SULTAN BASHIR-UD-DIN,Al-Qaida,2026-09-29,1,1,0,0,0,0,FAILED — every query errored
QDi.057,IBRAHIM ALI ABU BAKR TANTOUSH,Al-Qaida,2026-09-29,8,8,0,100,18,31,FAILED — every query errored
QDi.058,BOUBEKEUR BOULGHITI,Al-Qaida,2026-09-29,9,9,0,0,0,0,FAILED — every query errored
QDi.059,KHALID ABD AL-RAHMAN HAMD AL-FAWAZ,Al-Qaida,2026-09-29,4,4,0,20,2,2,FAILED — every query errored
QDi.060,MOHAMED BEN BELGACEM BEN ABDALLAH AL-AOUADI,Al-Qaida,2026-09-29,3,3,0,0,0,0,FAILED — every query errored
QDi.062,MOHAMED LAKHAL,Al-Qaida,2026-09-29,12,12,0,0,0,0,FAILED — every query errored
QDi.064,SAMI BEN KHAMIS BEN SALEH ELSSEID,Al-Qaida,2026-09-29,6,6,0,0,0,0,FAILED — every query errored
QDi.065,ABD EL KADER MAHMOUD MOHAMED EL SAYED,Al-Qaida,2026-09-29,2,2,0,0,0,0,FAILED — every query errored
QDi.067,MOSTAFA KAMEL MOSTAFA IBRAHIM,Al-Qaida,2026-09-29,3,3,0,0,0,0,FAILED — every query errored
QDi.068,ADEL BEN AL-AZHAR BEN YOUSSEF HAMDI,Al-Qaida,2026-09-29,9,9,0,0,0,0,FAILED — every query errored
QDi.072,MEHDI BEN MOHAMED BEN MOHAMED KAMMOUN,Al-Qaida,2026-09-29,9,9,0,0,0,0,FAILED — every query errored
QDi.074,TAREK BEN HABIB BEN AL-TOUMI AL-MAAROUFI,Al-Qaida,2026-09-29,6,6,0,2,0,0,FAILED — every query errored
QDi.075,ABDELHALIM HAFED ABDELFATTAH REMADNA,Al-Qaida,2026-09-29,6,6,0,0,0,0,FAILED — every query errored
QDi.076,ISAM ALI MOHAMED ALOUCHE,Al-Qaida,2026-09-29,2,2,0,0,0,0,FAILED — every query errored
QDi.080,SAID BAHAJI,Al-Qaida,2026-09-29,9,9,0,0,0,0,FAILED — every query errored
QDi.081,RAMZI MOHAMED ABDULLAH BINALSHIBH,Al-Qaida,2026-09-29,10,10,0,0,0,0,FAILED — every query errored
QDi.082,MOUNIR EL MOTASSADEQ,Al-Qaida,2026-09-29,6,6,0,0,0,0,FAILED — every query errored
QDi.083,ZAKARYA ESSABAR,Al-Qaida,2026-09-29,6,6,0,0,0,0,FAILED — every query errored
QDi.086,MOHAMAD IQBAL ABDURRAHMAN,Al-Qaida,2026-09-29,6,6,0,0,0,0,FAILED — every query errored
QDi.087,NURJAMAN RIDUAN ISAMUDDIN,Al-Qaida,2026-09-29,6,6,0,3,1,1,FAILED — every query errored
QDi.092,MEHREZ BEN MAHMOUD BEN SASSI AL-AMDOUNI,Al-Qaida,2026-09-29,12,12,0,18,0,10,FAILED — every query errored
QDi.096,MOUSSA BEN OMAR BEN ALI ESSAADI,Al-Qaida,2026-09-29,9,9,0,0,0,0,FAILED — every query errored
QDi.111,AGUS DWIKARNA,Al-Qaida,2026-09-29,4,4,0,0,0,0,FAILED — every query errored
QDi.114,SALIM Y SALAMUDDIN JULKIPLI,Al-Qaida,2026-09-29,1,1,0,0,0,0,FAILED — every query errored
QDi.119,ARIS MUNANDAR,Al-Qaida,2026-09-29,2,2,0,0,0,0,FAILED — every query errored
QDi.120,ABDUL HAKIM MURAD,Al-Qaida,2026-09-29,2,2,0,3,2,0,FAILED — every query errored
QDi.122,PARLINDUNGAN SIREGAR,Al-Qaida,2026-09-29,2,2,0,0,0,0,FAILED — every query errored
QDi.123,YASSIN SYAWAL,Al-Qaida,2026-09-29,6,6,0,11,3,5,FAILED — every query errored
QDi.124,YAZID SUFAAT,Al-Qaida,2026-09-29,6,6,0,0,0,0,FAILED — every query errored
QDi.126,YUNOS UMPARA MOKLIS,Al-Qaida,2026-09-29,3,3,0,0,0,0,FAILED — every query errored
QDi.129,DJAMEL MOUSTFA,Al-Qaida,2026-09-29,18,18,0,52,2,4,FAILED — every query errored
QDi.135,DAWOOD IBRAHIM KASKAR,Al-Qaida,2026-09-29,10,10,0,0,0,0,FAILED — every query errored
QDi.136,MOKHTAR BELMOKHTAR,Al-Qaida,2026-09-29,12,12,0,0,0,0,FAILED — every query errored
QDi.139,IMED BEN MEKKI ZARKAOUI,Al-Qaida,2026-09-29,6,6,0,0,0,0,FAILED — every query errored
QDi.140,KAMAL BEN MAOELDI BEN HASSAN AL-HAMRAOUI,Al-Qaida,2026-09-29,6,6,0,0,0,0,FAILED — every query errored
QDi.141,MAXAMED CABDULLAAH CIISE,Al-Qaida,2026-09-29,2,2,0,0,0,0,FAILED — every query errored
QDi.142,RADI ABD EL SAMIE ABOU EL YAZID EL AYASHI,Al-Qaida,2026-09-29,4,4,0,0,0,0,FAILED — every query errored
QDi.143,HAMADI BEN ABDUL AZIZ BEN ALI BOUYEHIA,Al-Qaida,2026-09-29,3,3,0,10,0,0,FAILED — every query errored
QDi.144,MOHAMMAD TAHIR HAMMID HUSSEIN,Al-Qaida,2026-09-29,2,2,0,0,0,0,FAILED — every query errored
QDi.147,MOHAMED AMIN MOSTAFA,Al-Qaida,2026-09-29,2,2,0,0,0,0,FAILED — every query errored
QDi.149,NOUREDDINE BEN ALI BEN BELKASSEM AL-DRISSI,Al-Qaida,2026-09-29,9,9,0,0,0,0,FAILED — every query errored
QDi.150,AL-AZHAR BEN KHALIFA BEN AHMED ROUINE,Al-Qaida,2026-09-29,9,9,0,0,0,0,FAILED — every query errored
QDi.152,SAIFI AMMARI,Al-Qaida,2026-09-29,6,6,0,0,0,0,FAILED — every query errored
QDi.154,SULAIMAN JASSEM SULAIMAN ALI ABO GHAITH,Al-Qaida,2026-09-29,4,4,0,0,0,0,FAILED — every query errored
QDi.155,DJAMEL LOUNICI,Al-Qaida,2026-09-29,3,3,0,0,0,0,FAILED — every query errored
QDi.156,ABD-AL-MAJID AZIZ AL-ZINDANI,Al-Qaida,2026-09-29,4,4,0,0,0,0,FAILED — every query errored
QDi.167,KAMEL DJERMANE,Al-Qaida,2026-09-29,6,6,0,0,0,0,FAILED — every query errored
QDi.177,HABIB BEN AHMED AL-LOUBIRI,Al-Qaida,2026-09-29,6,6,0,0,0,0,FAILED — every query errored
QDi.184,MUHSIN FADHIL AYED ASHOUR AL-FADHLI,Al-Qaida,2026-09-29,6,6,0,0,0,0,FAILED — every query errored
QDi.186,ABU RUSDAN,Al-Qaida,2026-09-29,4,4,0,0,0,0,FAILED — every query errored
QDi.187,ARIS SUMARSONO,Al-Qaida,2026-09-29,8,8,0,23,7,5,FAILED — every query errored
QDi.188,FAYCAL BOUGHANEMI,Al-Qaida,2026-09-29,3,3,0,0,0,0,FAILED — every query errored
QDi.190,ABDELKADER LAAGOUB,Al-Qaida,2026-09-29,9,9,0,13,2,7,FAILED — every query errored
QDi.192,ABD ALLAH MOHAMED RAGAB ABDEL RAHMAN,Al-Qaida,2026-09-29,2,2,0,6,0,0,FAILED — every query errored
QDi.193,ZAKI EZAT ZAKI AHMED,Al-Qaida,2026-09-29,2,2,0,0,0,0,FAILED — every query errored
QDi.196,ALI SAYYID MUHAMED MUSTAFA BAKRI,Al-Qaida,2026-09-29,2,2,0,2,1,0,FAILED — every query errored
QDi.198,HANI AL-SAYYID AL-SEBAI YUSIF,Al-Qaida,2026-09-29,8,8,0,1,0,0,FAILED — every query errored
QDi.203,FARHAD KANABI AHMAD,Al-Qaida,2026-09-29,4,4,0,0,0,0,FAILED — every query errored
QDi.204,ISNILON TOTONI HAPILON,Al-Qaida,2026-09-29,2,2,0,0,0,0,FAILED — every query errored
QDi.208,RADULAN SAHIRON,Al-Qaida,2026-09-29,2,2,0,0,0,0,FAILED — every query errored
QDi.216,ABDULLAH ANSHORI,Al-Qaida,2026-09-29,6,6,0,0,0,0,FAILED — every query errored
QDi.217,ABU BAKAR BA'ASYIR,Al-Qaida,2026-09-29,4,4,0,1,0,1,FAILED — every query errored
QDi.218,GUN GUN RUSMAN GUNAWAN,Al-Qaida,2026-09-29,6,6,0,100,11,24,FAILED — every query errored
QDi.219,TAUFIK RIFKI,Al-Qaida,2026-09-29,12,12,0,5,0,0,FAILED — every query errored
QDi.222,NESSIM BEN ROMDHANE SAHRAOUI,Al-Qaida,2026-09-29,3,3,0,0,0,0,FAILED — every query errored
QDi.223,MERAI ABDEFATTAH KHALIL ZOGHBI,Al-Qaida,2026-09-29,6,6,0,0,0,0,FAILED — every query errored
QDi.226,NAJMUDDIN FARAJ AHMAD,Al-Qaida,2026-09-29,6,6,0,1,0,0,FAILED — every query errored
QDi.228,MOHAMMED AL GHABRA,Al-Qaida,2026-09-29,2,2,0,0,0,0,FAILED — every query errored
QDi.229,ALY SOLIMAN MASSOUD ABDUL SAYED,Al-Qaida,2026-09-29,4,4,0,8,1,5,FAILED — every query errored
QDi.231,SALEM NOR ELDIN AMOHAMED AL-DABSKI,Al-Qaida,2026-09-29,6,6,0,0,0,0,FAILED — every query errored
QDi.232,ABDELMALEK DROUKDEL,Al-Qaida,2026-09-29,3,3,0,0,0,0,FAILED — every query errored
QDi.236,HAMID ABDALLAH AHMAD AL-ALI,Al-Qaida,2026-09-29,8,8,0,0,0,0,FAILED — every query errored
QDi.237,JABER ABDALLAH JABER AHMAD AL-JALAHMAH,Al-Qaida,2026-09-29,8,8,0,1,0,0,FAILED — every query errored
QDi.238,MUBARAK MUSHAKHAS SANAD MUBARAK AL-BATHALI,Al-Qaida,2026-09-29,8,8,0,0,0,0,FAILED — every query errored
QDi.241,ANGELO RAMIREZ TRINIDAD,Al-Qaida,2026-09-29,2,2,0,0,0,0,FAILED — every query errored
QDi.242,DINNO AMOR ROSALEJOS PAREJA,Al-Qaida,2026-09-29,2,2,0,42,19,9,FAILED — every query errored
QDi.243,FELICIANO SEMBORIO DELOS REYES JR.,Al-Qaida,2026-09-29,1,1,0,0,0,0,FAILED — every query errored
QDi.244,HILARION DEL ROSARIO SANTOS,Al-Qaida,2026-09-29,4,4,0,0,0,0,FAILED — every query errored
QDi.245,PIO ABOGNE DE VERA,Al-Qaida,2026-09-29,2,2,0,26,6,5,FAILED — every query errored
QDi.246,REDENDO CAIN DELLOSA,Al-Qaida,2026-09-29,3,3,0,0,0,0,FAILED — every query errored
QDi.247,"RUBEN PESTANO LAVILLA, JR",Al-Qaida,2026-09-29,5,5,0,10,2,1,FAILED — every query errored
QDi.248,RICARDO PEREZ AYERAS,Al-Qaida,2026-09-29,2,2,0,0,0,0,FAILED — every query errored
QDi.249,YAHIA DJOUADI,Al-Qaida,2026-09-29,3,3,0,0,0,0,FAILED — every query errored
QDi.250,AMOR MOHAMED GHEDEIR,Al-Qaida,2026-09-29,6,6,0,0,0,0,FAILED — every query errored
QDi.251,SALAH EDDINE GASMI,Al-Qaida,2026-09-29,6,6,0,0,0,0,FAILED — every query errored
QDi.252,AHMED DEGHDEGH,Al-Qaida,2026-09-29,6,6,0,0,0,0,FAILED — every query errored
QDi.261,ADEM YILMAZ,Al-Qaida,2026-09-29,4,4,0,0,0,0,FAILED — every query errored
QDi.262,REDOUANE EL HABHAB,Al-Qaida,2026-09-29,6,6,0,39,17,6,FAILED — every query errored
QDi.263,HAFIZ MUHAMMAD SAEED,Al-Qaida,2026-09-29,5,5,0,10,4,0,FAILED — every query errored
QDi.264,ZAKI-UR-REHMAN LAKHVI,Al-Qaida,2026-09-29,4,4,0,0,0,0,FAILED — every query errored
QDi.265,HAJI MUHAMMAD ASHRAF,Al-Qaida,2026-09-29,2,2,0,33,1,1,FAILED — every query errored
QDi.266,MAHMOUD MOHAMMAD AHMED BAHAZIQ,Al-Qaida,2026-09-29,6,6,0,0,0,0,FAILED — every query errored
QDi.268,ABDUL HAQ,Al-Qaida,2026-09-29,10,10,0,7,3,2,FAILED — every query errored
QDi.271,ARIF QASMANI,Al-Qaida,2026-09-29,3,3,0,0,0,0,FAILED — every query errored
QDi.272,MOHAMMED YAHYA MUJAHID,Al-Qaida,2026-09-29,2,2,0,0,0,0,FAILED — every query errored
QDi.273,FAZEEL-A-TUL SHAYKH ABU MOHAMMED AMEEN AL-PESHAWARI,Al-Qaida,2026-09-29,2,2,0,1,0,1,FAILED — every query errored
QDi.276,AKRAM TURKI HISHAN AL-MAZIDIH,Al-Qaida,2026-09-29,4,4,0,0,0,0,FAILED — every query errored
QDi.277,GHAZY FEZZA HISHAN AL-MAZIDIH,Al-Qaida,2026-09-29,4,4,0,0,0,0,FAILED — every query errored
QDi.278,MUTHANNA HARITH SALMAN AL-DARI,Al-Qaida,2026-09-29,10,10,0,0,0,0,FAILED — every query errored
QDi.279,MOHAMED BELKALEM,Al-Qaida,2026-09-29,6,6,0,0,0,0,FAILED — every query errored
QDi.280,TAYEB NAIL,Al-Qaida,2026-09-29,3,3,0,0,0,0,FAILED — every query errored
QDi.282,QASIM MOHAMED MAHDI AL-RIMI,Al-Qaida,2026-09-29,8,8,0,0,0,0,FAILED — every query errored
QDi.283,ANWAR NASSER ABDULLA AL-AULAQI,Al-Qaida,2026-09-29,4,4,0,23,19,0,FAILED — every query errored
QDi.289,SAID JAN ‘ABD AL-SALAM,Al-Qaida,2026-09-29,4,4,0,0,0,0,FAILED — every query errored
QDi.290,DOKU KHAMATOVICH UMAROV,Al-Qaida,2026-09-29,4,4,0,0,0,0,FAILED — every query errored
QDi.291,IBRAHIM HASSAN TALI AL-ASIRI,Al-Qaida,2026-09-29,10,10,0,0,0,0,FAILED — every query errored
QDi.292,OTHMAN AHMED OTHMAN AL-GHAMDI,Al-Qaida,2026-09-29,8,8,0,0,0,0,FAILED — every query errored
QDi.293,ABDUL RAHIM BA'AYSIR,Al-Qaida,2026-09-29,8,8,0,0,0,0,FAILED — every query errored
QDi.294,UMAR PATEK,Al-Qaida,2026-09-29,8,8,0,0,0,0,FAILED — every query errored
QDi.295,MUHAMMAD JIBRIL ABDUL RAHMAN,Al-Qaida,2026-09-29,8,8,0,2,0,0,FAILED — every query errored
QDi.296,MATI UR-REHMAN ALI MUHAMMAD,Al-Qaida,2026-09-29,4,4,0,95,39,20,FAILED — every query errored
QDi.298,ABD AL-RAHMAN OULD MUHAMMAD AL-HUSAYN OULD MUHAMMAD SALIM,Al-Qaida,2026-09-29,9,9,0,1,0,0,FAILED — every query errored
QDi.299,IBRAHIM AWWAD IBRAHIM ALI AL-BADRI AL-SAMARRAI,Al-Qaida,2026-09-29,6,6,0,0,0,0,FAILED — every query errored
QDi.300,MONIR CHOUKA,Al-Qaida,2026-09-29,9,9,0,8,1,0,FAILED — every query errored
QDi.301,YASSIN CHOUKA,Al-Qaida,2026-09-29,9,9,0,0,0,0,FAILED — every query errored
QDi.303,FAZAL RAHIM,Al-Qaida,2026-09-29,2,2,0,1,0,0,FAILED — every query errored
QDi.304,MOCHAMMAD ACHWAN,Al-Qaida,2026-09-29,6,6,0,0,0,0,FAILED — every query errored
QDi.305,ABDUL ROSYID RIDHO BA'ASYIR,Al-Qaida,2026-09-29,2,2,0,0,0,0,FAILED — every query errored
QDi.308,ZAFAR IQBAL,Al-Qaida,2026-09-29,4,4,0,4,4,0,FAILED — every query errored
QDi.309,ABDUR REHMAN,Al-Qaida,2026-09-29,3,3,0,2,2,0,FAILED — every query errored
QDi.311,AYYUB BASHIR,Al-Qaida,2026-09-29,2,2,0,0,0,0,FAILED — every query errored
QDi.313,DJAMEL AKKACHA,Al-Qaida,2026-09-29,3,3,0,0,0,0,FAILED — every query errored
QDi.314,ABDERRAHMANE OULD EL AMAR,Al-Qaida,2026-09-29,2,2,0,0,0,0,FAILED — every query errored
QDi.315,HAMADA OULD MOHAMED EL KHAIRY,Al-Qaida,2026-09-29,9,9,0,0,0,0,FAILED — every query errored
QDi.316,IYAD AG GHALI,Al-Qaida,2026-09-29,4,4,0,1,1,0,FAILED — every query errored
QDi.318,MUHAMMAD JAMAL ABD-AL RAHIM AHMAD AL-KASHIF,Al-Qaida,2026-09-29,8,8,0,96,8,1,FAILED — every query errored
QDi.319,MOHAMED LAHBOUS,Al-Qaida,2026-09-29,4,4,0,44,7,3,FAILED — every query errored
QDi.320,ABD-AL-HAMID AL-MASLI,Al-Qaida,2026-09-29,6,6,0,0,0,0,FAILED — every query errored
QDi.322,ABUBAKAR MOHAMMED SHEKAU,Al-Qaida,2026-09-29,3,3,0,1,1,0,FAILED — every query errored
QDi.323,SAID ARIF,Al-Qaida,2026-09-29,9,9,0,49,9,17,FAILED — every query errored
QDi.324,ABDUL MOHSEN ABDALLAH IBRAHIM AL CHAREKH,Al-Qaida,2026-09-29,2,2,0,0,0,0,FAILED — every query errored
QDi.325,ABOU MOHAMED AL ADNANI,Al-Qaida,2026-09-29,8,8,0,0,0,0,FAILED — every query errored
QDi.326,HAMID HAMAD HAMID AL-‘ALI,Al-Qaida,2026-09-29,4,4,0,0,0,0,FAILED — every query errored
QDi.327,ABDELRAHMAN MOUHAMAD ZAFIR AL DABIDI AL JAHANI,Al-Qaida,2026-09-29,12,12,0,2,0,0,FAILED — every query errored
QDi.329,AHMED ABDULLAH SALEH AL-KHAZMARI AL-ZAHRANI,Al-Qaida,2026-09-29,6,6,0,0,0,0,FAILED — every query errored
QDi.330,AZZAM ABDULLAH ZUREIK AL-MAULID AL-SUBHI,Al-Qaida,2026-09-29,6,6,0,0,0,0,FAILED — every query errored
QDi.331,ANDERS CAMEROON OSTENSVIG DALE,Al-Qaida,2026-09-29,2,2,0,0,0,0,FAILED — every query errored
QDi.332,IBRAHIM SULEIMAN HAMAD AL-HABLAIN,Al-Qaida,2026-09-29,6,6,0,0,0,0,FAILED — every query errored
QDi.333,SEIFALLAH BEN OMAR BEN MOHAMED BEN HASSINE,Al-Qaida,2026-09-29,15,15,0,0,0,0,FAILED — every query errored
QDi.334,‘ABD AL-RAHMAN BIN ‘UMAYR AL-NU’AYMI,Al-Qaida,2026-09-29,8,8,0,0,0,0,FAILED — every query errored
QDi.335,‘ABD AL-RAHMAN KHALAF ‘UBAYD JUDAY’ AL-‘ANIZI,Al-Qaida,2026-09-29,6,6,0,0,0,0,FAILED — every query errored
QDi.337,MAYSAR ALI MUSA ABDALLAH AL-JUBURI,Al-Qaida,2026-09-29,6,6,0,3,1,0,FAILED — every query errored
QDi.338,SHAFI SULTAN MOHAMMED SULTAN AL-AJMI,Al-Qaida,2026-09-29,6,6,0,0,0,0,FAILED — every query errored
QDi.339,‘ABD AL-RAHMAN MUHAMMAD MUSTAFA AL-QADULI,Al-Qaida,2026-09-29,8,8,0,5,0,0,FAILED — every query errored
QDi.340,EMILIE EDWIGE KONIG,Al-Qaida,2026-09-29,9,9,0,0,0,0,FAILED — every query errored
QDi.341,KEVIN JORDAN AXEL GUIAVARCH,Al-Qaida,2026-09-29,8,8,0,0,0,0,FAILED — every query errored
QDi.342,OUMAR DIABY,Al-Qaida,2026-09-29,6,6,0,0,0,0,FAILED — every query errored
QDi.343,ASHRAF MUHAMMAD YUSUF 'UTHMAN 'ABD AL-SALAM,Al-Qaida,2026-09-29,6,6,0,6,2,1,FAILED — every query errored
QDi.344,IBRAHIM 'ISA HAJJI MUHAMMAD AL-BAKR,Al-Qaida,2026-09-29,8,8,0,0,0,0,FAILED — every query errored
QDi.345,TARKHAN TAYUMURAZOVICH BATIRASHVILI,Al-Qaida,2026-09-29,12,12,0,0,0,0,FAILED — every query errored
QDi.348,ANGGA DIMAS PERSHADA,Al-Qaida,2026-09-29,4,4,0,0,0,0,FAILED — every query errored
QDi.349,BAMBANG SUKIRNO,Al-Qaida,2026-09-29,6,6,0,1,0,0,FAILED — every query errored
QDi.350,WIJI JOKO SANTOSO,Al-Qaida,2026-09-29,6,6,0,0,0,0,FAILED — every query errored
QDi.353,ALI BEN TAHER BEN FALEH OUNI HARZI,Al-Qaida,2026-09-29,9,9,0,0,0,0,FAILED — every query errored
QDi.354,TARAK BEN TAHER BEN FALEH OUNI HARZI,Al-Qaida,2026-09-29,9,9,0,0,0,0,FAILED — every query errored
QDi.355,SOFIANE BEN GOUMO,Al-Qaida,2026-09-29,4,4,0,0,0,0,FAILED — every query errored
QDi.356,AQSA MAHMOOD,Al-Qaida,2026-09-29,6,6,0,0,0,0,FAILED — every query errored
QDi.357,ASEEL MUTHANA,Al-Qaida,2026-09-29,4,4,0,0,0,0,FAILED — every query errored
QDi.358,NASSER AHMED MUTHANA,Al-Qaida,2026-09-29,6,6,0,0,0,0,FAILED — every query errored
QDi.359,OMAR ALI HUSSAIN,Al-Qaida,2026-09-29,6,6,0,0,0,0,FAILED — every query errored
QDi.360,SALLY-ANNE FRANCES JONES,Al-Qaida,2026-09-29,6,6,0,0,0,0,FAILED — every query errored
QDi.361,AMRU AL-ABSI,Al-Qaida,2026-09-29,6,6,0,0,0,0,FAILED — every query errored
QDi.363,MAGHOMED MAGHOMEDZAKIROVICH ABDURAKHMANOV,Al-Qaida,2026-09-29,12,12,0,0,0,0,FAILED — every query errored
QDi.364,ISLAM SEIT-UMAROVICH ATABIEV,Al-Qaida,2026-09-29,9,9,0,0,0,0,FAILED — every query errored
QDi.365,AKHMED RAJAPOVICH CHATAEV,Al-Qaida,2026-09-29,9,9,0,1,0,1,FAILED — every query errored
QDi.366,TARKHAN ISMAILOVICH GAZIEV,Al-Qaida,2026-09-29,12,12,0,1,1,0,FAILED — every query errored
QDi.367,ZAURBEK SALIMOVICH GUCHAEV,Al-Qaida,2026-09-29,9,9,0,79,33,31,FAILED — every query errored
QDi.368,SHAMIL MAGOMEDOVICH ISMAILOV,Al-Qaida,2026-09-29,9,9,0,2,0,0,FAILED — every query errored
QDi.369,MU’TASSIM YAHYA ‘ALI AL-RUMAYSH,Al-Qaida,2026-09-29,6,6,0,0,0,0,FAILED — every query errored
QDi.370,TARAD MOHAMMAD Alnori Alfares ALJARBA,Al-Qaida,2026-09-29,6,6,0,0,0,0,FAILED — every query errored
QDi.371,ABD AL-BASET AZZOUZ,Al-Qaida,2026-09-29,4,4,0,0,0,0,FAILED — every query errored
QDi.372,GULMUROD KHALIMOV,Al-Qaida,2026-09-29,2,2,0,0,0,0,FAILED — every query errored
QDi.374,NUSRET IMAMOVIC,Al-Qaida,2026-09-29,4,4,0,0,0,0,FAILED — every query errored
QDi.375,BOUBAKER BEN HABIB BEN AL-HAKIM,Al-Qaida,2026-09-29,6,6,0,0,0,0,FAILED — every query errored
QDi.376,PETER CHERIF,Al-Qaida,2026-09-29,3,3,0,0,0,0,FAILED — every query errored
QDi.377,MUHANNAD AL-NAJDI,Al-Qaida,2026-09-29,4,4,0,0,0,0,FAILED — every query errored
QDi.378,MAXIME HAUCHARD,Al-Qaida,2026-09-29,9,9,0,0,0,0,FAILED — every query errored
QDi.380,ABD AL-LATIF BIN ABDALLAH SALIH MUHAMMAD AL-KAWARI,Al-Qaida,2026-09-29,8,8,0,0,0,0,FAILED — every query errored
QDi.382,SA'D BIN SA'D MUHAMMAD SHARIYAN AL-KA'BI,Al-Qaida,2026-09-29,8,8,0,0,0,0,FAILED — every query errored
QDi.383,MORAD LAABOUDI,Al-Qaida,2026-09-29,12,12,0,0,0,0,FAILED — every query errored
QDi.384,ALI MUSA AL-SHAWAKH,Al-Qaida,2026-09-29,8,8,0,0,0,0,FAILED — every query errored
QDi.385,HASAN AL-SALAHAYN SALIH AL-SHA’ARI,Al-Qaida,2026-09-29,6,6,0,0,0,0,FAILED — every query errored
QDi.386,MOUNIR BEN DHAOU BEN BRAHIM BEN HELAL,Al-Qaida,2026-09-29,9,9,0,0,0,0,FAILED — every query errored
QDi.387,MOHAMMED ABDEL-HALIM HEMAIDA SALEH,Al-Qaida,2026-09-29,2,2,0,0,0,0,FAILED — every query errored
QDi.388,SALIM BENGHALEM,Al-Qaida,2026-09-29,3,3,0,0,0,0,FAILED — every query errored
QDi.389,ABU UBAYDAH YUSUF AL-ANABI,Al-Qaida,2026-09-29,9,9,0,0,0,0,FAILED — every query errored
QDi.392,FAYSAL AHMAD BIN ALI AL-ZAHRANI,Al-Qaida,2026-09-29,6,6,0,0,0,0,FAILED — every query errored
QDi.394,HUSAYN JUAYTHINI,Al-Qaida,2026-09-29,8,8,0,0,0,0,FAILED — every query errored
QDi.395,MUHAMMAD SHOLEH IBRAHIM,Al-Qaida,2026-09-29,6,6,0,0,0,0,FAILED — every query errored
QDi.396,ASLAN AVGAZAROVICH BYUTUKAEV,Al-Qaida,2026-09-29,4,4,0,0,0,0,FAILED — every query errored
QDi.397,AYRAT NASIMOVICH VAKHITOV,Al-Qaida,2026-09-29,2,2,0,0,0,0,FAILED — every query errored
QDi.398,RUSTAM MAGOMEDOVICH ASELDEROV,Al-Qaida,2026-09-29,6,6,0,0,0,0,FAILED — every query errored
QDi.399,BASSAM AHMAD AL-HASRI,Al-Qaida,2026-09-29,4,4,0,0,0,0,FAILED — every query errored
QDi.400,IYAD NAZMI SALIH KHALIL,Al-Qaida,2026-09-29,8,8,0,0,0,0,FAILED — every query errored
QDi.401,GHALIB ABDULLAH AL-ZAIDI,Al-Qaida,2026-09-29,4,4,0,0,0,0,FAILED — every query errored
QDi.403,FARED SAAL,Al-Qaida,2026-09-29,9,9,0,0,0,0,FAILED — every query errored
QDi.404,MUHAMMAD BAHRUM NAIM ANGGIH TAMTOMO,Al-Qaida,2026-09-29,6,6,0,0,0,0,FAILED — every query errored
QDi.405,Malik Ruslanovich Barkhanoev,Al-Qaida,2026-09-29,6,6,0,2,0,1,FAILED — every query errored
QDi.406,Murad Iraklievich Margoshvili,Al-Qaida,2026-09-29,6,6,0,28,8,12,FAILED — every query errored
QDi.407,OMAN ROCHMAN,Al-Qaida,2026-09-29,6,6,0,0,0,0,FAILED — every query errored
QDi.408,ALEXANDA AMON KOTEY,Al-Qaida,2026-09-29,2,2,0,0,0,0,FAILED — every query errored
QDi.409,ELSHAFEE EL SHEIKH,Al-Qaida,2026-09-29,2,2,0,0,0,0,FAILED — every query errored
QDi.410,SHANE DOMINIC CRAWFORD,Al-Qaida,2026-09-29,12,12,0,1,1,0,FAILED — every query errored
QDi.411,SALIM MUSTAFA MUHAMMAD AL-MANSUR,Al-Qaida,2026-09-29,6,6,0,0,0,0,FAILED — every query errored
QDi.412,UMAR MAHMUD IRHAYYIM AL-KUBAYSI,Al-Qaida,2026-09-29,8,8,0,0,0,0,FAILED — every query errored
QDi.413,MYRNA AJIJUL MABANZA,Al-Qaida,2026-09-29,4,4,0,0,0,0,FAILED — every query errored
QDi.414,ABDULPATTA ESCALON ABUBAKAR,Al-Qaida,2026-09-29,4,4,0,0,0,0,FAILED — every query errored
QDi.415,ADNAN ABOU WALID AL-SAHRAOUI,Al-Qaida,2026-09-29,4,4,0,0,0,0,FAILED — every query errored
QDi.416,MOHAMMED YUSIP KARIM,Al-Qaida,2026-09-29,9,9,0,0,0,0,FAILED — every query errored
QDi.417,MOHAMAD RAFI BIN UDIN,Al-Qaida,2026-09-29,12,12,0,0,0,0,FAILED — every query errored
QDi.418,MUHAMMED REZA LAHAMAN KIRAM,Al-Qaida,2026-09-29,6,6,0,0,0,0,FAILED — every query errored
QDi.419,ANJEM CHOUDARY,Al-Qaida,2026-09-29,3,3,0,0,0,0,FAILED — every query errored
QDi.420,TAHA IBRAHIM ABDALLAH BAKR AL KHUWAYT,Al-Qaida,2026-09-29,4,4,0,1,0,1,FAILED — every query errored
QDi.421,HAMZA USAMA MUHAMMAD BIN LADEN,Al-Qaida,2026-09-29,1,1,0,0,0,0,FAILED — every query errored
QDi.422,MOHAMMED MASOOD AZHAR ALVI,Al-Qaida,2026-09-29,2,2,0,0,0,0,FAILED — every query errored
QDi.423,ALI MAYCHOU,Al-Qaida,2026-09-29,9,9,0,0,0,0,FAILED — every query errored
QDi.424,BAH AG MOUSSA,Al-Qaida,2026-09-29,2,2,0,0,0,0,FAILED — every query errored
QDi.425,AMADOU KOUFA,Al-Qaida,2026-09-29,4,4,0,0,0,0,FAILED — every query errored
QDi.426,Amir Muhammad Sa’id Abdal-Rahman al-Salbi,Al-Qaida,2026-09-29,10,10,0,1,1,0,FAILED — every query errored
QDi.427,NOOR WALI MEHSUD,Al-Qaida,2026-09-29,1,1,0,0,0,0,FAILED — every query errored
QDi.428,JAMAL HUSSEIN HASSAN ZEINIYE,Al-Qaida,2026-09-29,12,12,0,0,0,0,FAILED — every query errored
QDi.429,MOHAMMAD ALI AL HABBO,Al-Qaida,2026-09-29,9,9,0,0,0,0,FAILED — every query errored
QDi.430,EMRAAN ALI,Al-Qaida,2026-09-29,3,3,0,0,0,0,FAILED — every query errored
QDi.431,SANAULLAH GHAFARI,Al-Qaida,2026-09-29,4,4,0,2,0,0,FAILED — every query errored
QDi.432,ASHRAF AL-QIZANI,Al-Qaida,2026-09-29,9,9,0,0,0,0,FAILED — every query errored
QDi.434,MAULAWI RAJAB,Al-Qaida,2026-09-29,1,1,0,0,0,0,FAILED — every query errored
QDi.435,SULTAN AZIZ AZAM,Al-Qaida,2026-09-29,1,1,0,0,0,0,FAILED — every query errored
QDi.436,ABUBAKAR SWALLEH,Al-Qaida,2026-09-29,2,2,0,2,0,0,FAILED — every query errored
QDi.437,SAMI JASIM MUHAMMAD JAATA AL-JABURI,Al-Qaida,2026-09-29,4,4,0,0,0,0,FAILED — every query errored
QDi.438,ABD EL HAMID SALIM IBRAHIM BRUKAN AL-KHATOUNI,Al-Qaida,2026-09-29,2,2,0,0,0,0,FAILED — every query errored
QDi.439,HAMIDA NABAGGALA,Al-Qaida,2026-09-29,6,6,0,1,1,0,FAILED — every query errored
SDi.001,GAFFAR MOHAMMED ELHASSAN,Sudan,2026-09-29,2,2,0,0,0,0,FAILED — every query errored
SDi.002,MUSA HILAL ABDALLA ALNSIEM,Sudan,2026-09-29,8,8,0,3,1,0,FAILED — every query errored
SDi.004,JIBRIL ABDULKARIM IBRAHIM MAYU,Sudan,2026-09-29,4,4,0,0,0,0,FAILED — every query errored
SDi.005,ABDEL RAHMAN JUMA BARKALLA,Sudan,2026-09-29,4,4,0,0,0,0,FAILED — every query errored
SDi.006,OSMAN MOHAMED HAMID MOHAMED,Sudan,2026-09-29,4,4,0,0,0,0,FAILED — every query errored
SDi.007,GEDO HAMDAN AHMED,Sudan,2026-09-29,2,2,0,2,1,0,FAILED — every query errored
SDi.008,ABDUL RAHIM HAMDAN DAGALO,Sudan,2026-09-29,2,2,0,0,0,0,FAILED — every query errored
SDi.009,AL-FATEH ABDULLAH IDRIS,Sudan,2026-09-29,2,2,0,2,1,0,FAILED — every query errored
SDi.010,TIJANI IBRAHIM MOUSSA MOHAMED,Sudan,2026-09-29,2,2,0,0,0,0,FAILED — every query errored
SDi.011,AL-GONEY HAMDAN DAGALO,Sudan,2026-09-29,4,4,0,0,0,0,FAILED — every query errored
SDi.012,ALVARO ANDRES QUIJANO BECERRA,Sudan,2026-09-29,4,4,0,0,0,0,FAILED — every query errored
SDi.013,CLAUDIA VIVIANA OLIVEROS FORERO,Sudan,2026-09-29,4,4,0,0,0,0,FAILED — every query errored
SDi.014,MATEO ANDRES DUQUE BOTERO,Sudan,2026-09-29,4,4,0,0,0,0,FAILED — every query errored
SOe.001,AL-SHABAAB,Somalia,2026-09-29,6,6,0,58,10,12,FAILED — every query errored
SOi.001,Yasin Ali Baynah,Somalia,2026-09-29,8,8,0,0,0,0,FAILED — every query errored
SOi.002,HASSAN DAHIR AWEYS,Somalia,2026-09-29,8,8,0,0,0,0,FAILED — every query errored
SOi.003,HASSAN ABDULLAH HERSI AL-TURKI,Somalia,2026-09-29,4,4,0,0,0,0,FAILED — every query errored
SOi.004,AHMED ABDI AW-MOHAMED,Somalia,2026-09-29,6,6,0,0,0,0,FAILED — every query errored
SOi.005,FUAD MOHAMED KHALAF,Somalia,2026-09-29,8,8,0,0,0,0,FAILED — every query errored
SOi.006,BASHIR MOHAMED MAHAMOUD,Somalia,2026-09-29,8,8,0,0,0,0,FAILED — every query errored
SOi.008,FARES MOHAMMED MANA'A,Somalia,2026-09-29,2,2,0,0,0,0,FAILED — every query errored
SOi.009,HASSAN MAHAT OMAR,Somalia,2026-09-29,3,3,0,0,0,0,FAILED — every query errored
SOi.010,OMAR HAMMAMI,Somalia,2026-09-29,6,6,0,0,0,0,FAILED — every query errored
SOi.011,ABOUD ROGO MOHAMMED,Somalia,2026-09-29,2,2,0,0,0,0,FAILED — every query errored
SOi.012,ABUBAKER SHARIFF AHMED,Somalia,2026-09-29,2,2,0,1,0,1,FAILED — every query errored
SOi.013,MAALIM SALMAN,Somalia,2026-09-29,6,6,0,0,0,0,FAILED — every query errored
SOi.014,AHMED DIRIYE,Somalia,2026-09-29,4,4,0,3,0,0,FAILED — every query errored
SOi.016,Ahmad Iman Ali,Somalia,2026-09-29,1,1,0,0,0,0,FAILED — every query errored
SOi.017,Abdifatah Abubakar Abdi,Somalia,2026-09-29,2,2,0,0,0,0,FAILED — every query errored
SOi.018,ABUKAR ALI ADAN,Somalia,2026-09-29,2,2,0,0,0,0,FAILED — every query errored
SOi.019,MAALIM AYMAN,Somalia,2026-09-29,4,4,0,0,0,0,FAILED — every query errored
SOi.020,MAHAD KARATE,Somalia,2026-09-29,2,2,0,0,0,0,FAILED — every query errored
SOi.021,ALI MOHAMED RAGE,Somalia,2026-09-29,4,4,0,0,0,0,FAILED — every query errored
SOi.022,ABDULLAHI OSMAN MOHAMED CADDOW,Somalia,2026-09-29,4,4,0,0,0,0,FAILED — every query errored
SOi.023,ABDIKADIR MOHAMED ABDIKADIR,Somalia,2026-09-29,6,6,0,5,2,1,FAILED — every query errored
SOi.024,MOHAMED MOHAMUD MIRE,Somalia,2026-09-29,4,4,0,0,0,0,FAILED — every query errored
SOi.025,MOHAMED OMAR MOHAMED,Somalia,2026-09-29,6,6,0,0,0,0,FAILED — every query errored
SSi.001,GABRIEL JOK RIAK MAKOL,SouthSudan,2026-09-29,4,4,0,0,0,0,FAILED — every query errored
SSi.002,SIMON GATWECH DUAL,SouthSudan,2026-09-29,6,6,0,0,0,0,FAILED — every query errored
SSi.003,JAMES KOANG CHUOL,SouthSudan,2026-09-29,6,6,0,2,2,0,FAILED — every query errored
SSi.004,SANTINO DENG WOL,SouthSudan,2026-09-29,1,1,0,0,0,0,FAILED — every query errored
SSi.005,MARIAL CHANUONG YOL MANGOK,SouthSudan,2026-09-29,6,6,0,0,0,0,FAILED — every query errored
SSi.006,PETER GADET,SouthSudan,2026-09-29,2,2,0,0,0,0,FAILED — every query errored
SSi.007,MALEK REUBEN RIAK RENGU,SouthSudan,2026-09-29,2,2,0,0,0,0,FAILED — every query errored
SSi.008,PAUL MALONG AWAN ANEI,SouthSudan,2026-09-29,4,4,0,0,0,0,FAILED — every query errored
TAe.010,HAJI KHAIRULLAH HAJI SATTAR MONEY EXCHANGE,Taliban,2026-09-29,3,3,0,0,0,0,FAILED — every query errored
TAe.011,ROSHAN MONEY EXCHANGE,Taliban,2026-09-29,2,2,0,0,0,0,FAILED — every query errored
TAe.012,HAQQANI NETWORK (HQN),Taliban,2026-09-29,1,1,0,0,0,0,FAILED — every query errored
TAe.013,RAHAT LTD.,Taliban,2026-09-29,2,2,0,0,0,0,FAILED — every query errored
TAe.014,HAJI BASIR AND ZARJMIL COMPANY HAWALA,Taliban,2026-09-29,4,4,0,0,0,0,FAILED — every query errored
TAi.002,MOHAMMAD HASSAN AKHUND,Taliban,2026-09-29,2,2,0,0,0,0,FAILED — every query errored
TAi.003,ABDUL KABIR MOHAMMAD JAN,Taliban,2026-09-29,3,3,0,0,0,0,FAILED — every query errored
TAi.004,MOHAMMED OMAR GHULAM NABI,Taliban,2026-09-29,1,1,0,0,0,0,FAILED — every query errored
TAi.005,MUHAMMAD TAHER ANWARI,Taliban,2026-09-29,2,2,0,0,0,0,FAILED — every query errored
TAi.006,SAYYED MOHAMMED HAQQANI,Taliban,2026-09-29,1,1,0,0,0,0,FAILED — every query errored
TAi.007,ABDUL LATIF MANSUR,Taliban,2026-09-29,2,2,0,1,1,0,FAILED — every query errored
TAi.008,SHAMS UR-RAHMAN ABDUL ZAHIR,Taliban,2026-09-29,3,3,0,0,0,0,FAILED — every query errored
TAi.009,ATTIQULLAH AKHUND,Taliban,2026-09-29,1,1,0,0,0,0,FAILED — every query errored
TAi.011,AKHTAR MOHAMMAD MANSOUR SHAH MOHAMMED,Taliban,2026-09-29,3,3,0,0,0,0,FAILED — every query errored
TAi.013,MOHAMMAD NAIM BARICH KHUDAIDAD,Taliban,2026-09-29,5,5,0,5,3,0,FAILED — every query errored
TAi.014,HIDAYATULLAH,Taliban,2026-09-29,1,1,0,17,4,6,FAILED — every query errored
TAi.015,YAR MOHAMMAD RAHIMI,Taliban,2026-09-29,1,1,0,0,0,0,FAILED — every query errored
TAi.016,ALLAH DAD TAYEB WALI MUHAMMAD,Taliban,2026-09-29,1,1,0,0,0,0,FAILED — every query errored
TAi.019,NIK MOHAMMAD DOST MOHAMMAD,Taliban,2026-09-29,1,1,0,0,0,0,FAILED — every query errored
TAi.020,MATIULLAH,Taliban,2026-09-29,1,1,0,1,1,0,FAILED — every query errored
TAi.021,ALLAH DAD MATIN,Taliban,2026-09-29,2,2,0,3,1,0,FAILED — every query errored
TAi.022,UBAIDULLAH AKHUND YAR MOHAMMAD AKHUND,Taliban,2026-09-29,1,1,0,0,0,0,FAILED — every query errored
TAi.023,FAZL MOHAMMAD MAZLOOM,Taliban,2026-09-29,2,2,0,0,0,0,FAILED — every query errored
TAi.024,ABDUL GHANI BARADAR ABDUL AHMAD TURK,Taliban,2026-09-29,2,2,0,0,0,0,FAILED — every query errored
TAi.025,ABDUL RAUF KHADEM,Taliban,2026-09-29,1,1,0,0,0,0,FAILED — every query errored
TAi.026,AMIR KHAN MOTAQI,Taliban,2026-09-29,2,2,0,29,20,1,FAILED — every query errored
TAi.027,ABDUL SALAM HANAFI ALI MARDAN QUL,Taliban,2026-09-29,2,2,0,0,0,0,FAILED — every query errored
TAi.028,SAID AHMED SHAHIDKHEL,Taliban,2026-09-29,1,1,0,0,0,0,FAILED — every query errored
TAi.030,AREFULLAH AREF GHAZI MOHAMMAD,Taliban,2026-09-29,1,1,0,0,0,0,FAILED — every query errored
TAi.031,MOHAMMAD AHMADI,Taliban,2026-09-29,1,1,0,0,0,0,FAILED — every query errored
TAi.033,ABDUL RAHMAN ZAHED,Taliban,2026-09-29,1,1,0,0,0,0,FAILED — every query errored
TAi.034,ABDUL JALIL HAQQANI WALI MOHAMMAD,Taliban,2026-09-29,4,4,0,0,0,0,FAILED — every query errored
TAi.036,FAIZ,Taliban,2026-10-05,0,0,0,0,0,0,searched
TAi.038,ABDUL BAQI BASIR AWAL SHAH,Taliban,2026-09-29,2,2,0,1,1,0,FAILED — every query errored
TAi.039,MOHAMMAD JAWAD WAZIRI,Taliban,2026-09-29,1,1,0,0,0,0,FAILED — every query errored
TAi.040,JALALUDDIN HAQQANI,Taliban,2026-09-29,1,1,0,0,0,0,FAILED — every query errored
TAi.042,MOHAMMAD IBRAHIM OMARI,Taliban,2026-09-29,1,1,0,0,0,0,FAILED — every query errored
TAi.043,DIN MOHAMMAD HANIF,Taliban,2026-09-29,2,2,0,0,0,0,FAILED — every query errored
TAi.044,HAMDULLAH NOMANI,Taliban,2026-09-29,2,2,0,0,0,0,FAILED — every query errored
TAi.047,QUDRATULLAH JAMAL,Taliban,2026-09-29,3,3,0,0,0,0,FAILED — every query errored
TAi.049,ABDUL RAHMAN AHMAD HOTTAK,Taliban,2026-09-29,1,1,0,0,0,0,FAILED — every query errored
TAi.051,ABDULHAI MOTMAEN,Taliban,2026-09-29,2,2,0,0,0,0,FAILED — every query errored
TAi.052,MOHAMMAD YAQOUB,Taliban,2026-09-29,1,1,0,0,0,0,FAILED — every query errored
TAi.053,ABDUL RAZAQ AKHUND LALA AKHUND,Taliban,2026-09-29,1,1,0,0,0,0,FAILED — every query errored
TAi.057,SAYED MOHAMMAD AZIM AGHA,Taliban,2026-09-29,1,1,0,0,0,0,FAILED — every query errored
TAi.058,NOORUDDIN TURABI MUHAMMAD QASIM,Taliban,2026-09-29,3,3,0,0,0,0,FAILED — every query errored
TAi.060,MOHAMMAD ESSA AKHUND,Taliban,2026-09-29,2,2,0,0,0,0,FAILED — every query errored
TAi.063,MOHAMMAD AZAM ELMI,Taliban,2026-09-29,1,1,0,0,0,0,FAILED — every query errored
TAi.064,EZATULLAH HAQQANI KHAN SAYYID,Taliban,2026-09-29,1,1,0,0,0,0,FAILED — every query errored
TAi.066,MOHAMMAD ABBAS AKHUND,Taliban,2026-09-29,1,1,0,0,0,0,FAILED — every query errored
TAi.067,SHER MOHAMMAD ABBAS STANEKZAI PADSHAH KHAN,Taliban,2026-09-29,1,1,0,0,0,0,FAILED — every query errored
TAi.068,MOHAMMADULLAH MATI,Taliban,2026-09-29,2,2,0,0,0,0,FAILED — every query errored
TAi.069,RUSTUM HANAFI HABIBULLAH,Taliban,2026-09-29,2,2,0,0,0,0,FAILED — every query errored
TAi.070,ATIQULLAH WALI MOHAMMAD,Taliban,2026-09-29,1,1,0,0,0,0,FAILED — every query errored
TAi.071,NAJIBULLAH HAQQANI HIDAYATULLAH,Taliban,2026-09-29,2,2,0,0,0,0,FAILED — every query errored
TAi.072,SAYYED GHIASSOUDDINE AGHA,Taliban,2026-09-29,1,1,0,0,0,0,FAILED — every query errored
TAi.073,MOHAMMAD MOSLIM HAQQANI MUHAMMADI GUL,Taliban,2026-09-29,1,1,0,0,0,0,FAILED — every query errored
TAi.075,ABDUL RAQIB TAKHARI,Taliban,2026-09-29,1,1,0,0,0,0,FAILED — every query errored
TAi.078,MOHAMMAD WALI MOHAMMAD EWAZ,Taliban,2026-09-29,1,1,0,3,0,2,FAILED — every query errored
TAi.079,MOHAMMAD SALIM HAQQANI,Taliban,2026-09-29,1,1,0,0,0,0,FAILED — every query errored
TAi.080,SAYED ESMATULLAH ASEM ABDUL QUDDUS,Taliban,2026-09-29,1,1,0,0,0,0,FAILED — every query errored
TAi.082,ABDUL-HAQ WASSIQ,Taliban,2026-09-29,2,2,0,0,0,0,FAILED — every query errored
TAi.083,EHSANULLAH SARFIDA HESAMUDDIN AKHUNDZADA,Taliban,2026-09-29,1,1,0,0,0,0,FAILED — every query errored
TAi.084,HABIBULLAH RESHAD,Taliban,2026-09-29,1,1,0,0,0,0,FAILED — every query errored
TAi.085,AHMED JAN AKHUNDZADA WAZIR,Taliban,2026-09-29,1,1,0,1,0,0,FAILED — every query errored
TAi.087,SADUDDIN SAYYED,Taliban,2026-09-29,1,1,0,1,0,1,FAILED — every query errored
TAi.088,ABDUL JABBAR OMARI,Taliban,2026-09-29,2,2,0,0,0,0,FAILED — every query errored
TAi.089,NURULLAH NURI,Taliban,2026-09-29,2,2,0,0,0,0,FAILED — every query errored
TAi.091,JANAN AGHA,Taliban,2026-09-29,1,1,0,0,0,0,FAILED — every query errored
TAi.092,DOST MOHAMMAD,Taliban,2026-09-29,1,1,0,0,0,0,FAILED — every query errored
TAi.093,KHAIRULLAH KHAIRKHWAH,Taliban,2026-09-29,2,2,0,0,0,0,FAILED — every query errored
TAi.094,ABDUL BARI AKHUND,Taliban,2026-09-29,2,2,0,0,0,0,FAILED — every query errored
TAi.095,WALIJAN,Taliban,2026-10-05,0,0,0,0,0,0,searched
TAi.096,MOHAMMAD HASAN RAHMANI,Taliban,2026-09-29,1,1,0,0,0,0,FAILED — every query errored
TAi.097,ABDUL MANAN NYAZI,Taliban,2026-09-29,2,2,0,0,0,0,FAILED — every query errored
TAi.098,ABDUL WAHED SHAFIQ,Taliban,2026-09-29,1,1,0,0,0,0,FAILED — every query errored
TAi.099,MOHAMMAD SHAFIQ MOHAMMADI,Taliban,2026-09-29,1,1,0,0,0,0,FAILED — every query errored
TAi.100,NAZIR MOHAMMAD ABDUL BASIR,Taliban,2026-09-29,1,1,0,0,0,0,FAILED — every query errored
TAi.101,MOHAMMAD ESHAQ AKHUNZADA,Taliban,2026-09-29,1,1,0,0,0,0,FAILED — every query errored
TAi.102,ZIA-UR-RAHMAN MADANI,Taliban,2026-09-29,2,2,0,0,0,0,FAILED — every query errored
TAi.103,SHAMSUDDIN,Taliban,2026-09-29,1,1,0,17,0,1,FAILED — every query errored
TAi.104,MOHAMMAD RASUL AYYUB,Taliban,2026-09-29,1,1,0,0,0,0,FAILED — every query errored
TAi.105,AHMAD TAHA KHALID ABDUL QADIR,Taliban,2026-09-29,1,1,0,0,0,0,FAILED — every query errored
TAi.106,MOHAMMAD SHAFIQULLAH AHMADI FATIH KHAN,Taliban,2026-09-29,1,1,0,0,0,0,FAILED — every query errored
TAi.107,AMINULLAH AMIN QUDDUS,Taliban,2026-09-29,1,1,0,1,1,0,FAILED — every query errored
TAi.108,ABDULHAI SALEK,Taliban,2026-09-29,1,1,0,0,0,0,FAILED — every query errored
TAi.109,AHMAD JAN AKHUNDZADA SHUKOOR AKHUNDZADA,Taliban,2026-09-29,1,1,0,0,0,0,FAILED — every query errored
TAi.110,NOOR MOHAMMAD SAQIB,Taliban,2026-09-29,2,2,0,0,0,0,FAILED — every query errored
TAi.111,HAMDULLAH SUNANI,Taliban,2026-09-29,2,2,0,0,0,0,FAILED — every query errored
TAi.113,SHAHABUDDIN DELAWAR,Taliban,2026-09-29,2,2,0,0,0,0,FAILED — every query errored
TAi.114,ABDUL RAHMAN AGHA,Taliban,2026-09-29,1,1,0,0,0,0,FAILED — every query errored
TAi.118,HAMIDULLAH AKHUND SHER MOHAMMAD,Taliban,2026-09-29,2,2,0,0,0,0,FAILED — every query errored
TAi.119,JAN MOHAMMAD MADANI IKRAM,Taliban,2026-09-29,1,1,0,0,0,0,FAILED — every query errored
TAi.121,AZIZIRAHMAN ABDUL AHAD,Taliban,2026-09-29,2,2,0,0,0,0,FAILED — every query errored
TAi.122,ABDUL MANAN MOHAMMAD ISHAK,Taliban,2026-09-29,1,1,0,0,0,0,FAILED — every query errored
TAi.126,MOHAMMAD SARWAR SIDDIQMAL MOHAMMAD MASOOD,Taliban,2026-09-29,1,1,0,0,0,0,FAILED — every query errored
TAi.127,MOHAMMAD ZAHID,Taliban,2026-09-29,2,2,0,1,0,0,FAILED — every query errored
TAi.128,ABDUL QADEER BASIR ABDUL BASEER,Taliban,2026-09-29,3,3,0,16,4,1,FAILED — every query errored
TAi.129,NAZIRULLAH HANAFI WALIULLAH,Taliban,2026-09-29,2,2,0,0,0,0,FAILED — every query errored
TAi.130,ABDUL GHAFAR QURISHI ABDUL GHANI,Taliban,2026-09-29,2,2,0,0,0,0,FAILED — every query errored
TAi.132,NAJIBULLAH MUHAMMAD JUMA,Taliban,2026-09-29,2,2,0,0,0,0,FAILED — every query errored
TAi.133,ABDUL WALI SEDDIQI,Taliban,2026-09-29,2,2,0,0,0,0,FAILED — every query errored
TAi.135,ABDUL QUDDUS MAZHARI,Taliban,2026-09-29,2,2,0,0,0,0,FAILED — every query errored
TAi.136,MOHAMMAD SADIQ AMIR MOHAMMAD,Taliban,2026-09-29,2,2,0,0,0,0,FAILED — every query errored
TAi.137,RAHMATULLAH KAKAZADA,Taliban,2026-09-29,3,3,0,0,0,0,FAILED — every query errored
TAi.138,MOHAMMAD ALEEM NOORANI,Taliban,2026-09-29,1,1,0,0,0,0,FAILED — every query errored
TAi.139,ABDUL GHAFAR SHINWARI,Taliban,2026-09-29,2,2,0,0,0,0,FAILED — every query errored
TAi.140,GUL AHMAD HAKIMI,Taliban,2026-09-29,1,1,0,0,0,0,FAILED — every query errored
TAi.141,ABDULLAH HAMAD MOHAMMAD KARIM,Taliban,2026-09-29,2,2,0,0,0,0,FAILED — every query errored
TAi.142,ABDUL HAI HAZEM ABDUL QADER,Taliban,2026-09-29,2,2,0,0,0,0,FAILED — every query errored
TAi.143,HAMDULLAH ALLAH NOOR,Taliban,2026-09-29,1,1,0,0,0,0,FAILED — every query errored
TAi.144,SIRAJUDDIN JALLALOUDINE HAQQANI,Taliban,2026-09-29,4,4,0,12,5,1,FAILED — every query errored
TAi.145,AMIR ABDULLAH,Taliban,2026-09-29,1,1,0,0,0,0,FAILED — every query errored
TAi.146,NASIRUDDIN HAQQANI,Taliban,2026-09-29,3,3,0,0,0,0,FAILED — every query errored
TAi.147,GUL AGHA ISHAKZAI,Taliban,2026-09-29,4,4,0,1,0,1,FAILED — every query errored
TAi.148,ABDUL HABIB ALIZAI,Taliban,2026-09-29,2,2,0,1,1,0,FAILED — every query errored
TAi.149,SALEH MOHAMMAD KAKAR AKHTAR MUHAMMAD,Taliban,2026-09-29,1,1,0,4,0,1,FAILED — every query errored
TAi.150,KHALIL AHMED HAQQANI,Taliban,2026-09-29,1,1,0,0,0,0,FAILED — every query errored
TAi.153,FAIZULLAH KHAN NOORZAI na,Taliban,2026-09-29,3,3,0,0,0,0,FAILED — every query errored
TAi.154,MALIK NOORZAI,Taliban,2026-09-29,3,3,0,0,0,0,FAILED — every query errored
TAi.155,ABDUL AZIZ ABBASIN,Taliban,2026-09-29,1,1,0,0,0,0,FAILED — every query errored
TAi.156,AHMAD ZIA AGHA,Taliban,2026-09-29,4,4,0,9,1,1,FAILED — every query errored
TAi.157,FAZL RABI,Taliban,2026-09-29,1,1,0,0,0,0,FAILED — every query errored
TAi.158,MOHAMMAD AMAN AKHUND,Taliban,2026-09-29,2,2,0,4,1,0,FAILED — every query errored
TAi.159,AHMED JAN WAZIR AKHTAR MOHAMMAD,Taliban,2026-09-29,1,1,0,0,0,0,FAILED — every query errored
TAi.160,ABDUL SAMAD ACHEKZAI,Taliban,2026-09-29,1,1,0,100,6,33,FAILED — every query errored
TAi.161,BAKHT GUL,Taliban,2026-09-29,2,2,0,0,0,0,FAILED — every query errored
TAi.162,ABDUL SATAR ABDUL MANAN,Taliban,2026-09-29,3,3,0,0,0,0,FAILED — every query errored
TAi.163,KHAIRULLAH BARAKZAI KHUDAI NAZAR,Taliban,2026-09-29,3,3,0,1,1,0,FAILED — every query errored
TAi.164,ABDUL RAUF ZAKIR,Taliban,2026-09-29,2,2,0,0,0,0,FAILED — every query errored
TAi.165,MOHAMMED QASIM MIR WALI KHUDAI RAHIM,Taliban,2026-09-29,1,1,0,44,6,10,FAILED — every query errored
TAi.166,AHMED SHAH NOORZAI OBAIDULLAH,Taliban,2026-09-29,3,3,0,29,10,7,FAILED — every query errored
TAi.167,ADAM KHAN ACHEKZAI,Taliban,2026-09-29,1,1,0,0,0,0,FAILED — every query errored
TAi.168,QARI SAIFULLAH TOKHI,Taliban,2026-09-29,2,2,0,18,8,1,FAILED — every query errored
TAi.169,YAHYA HAQQANI,Taliban,2026-09-29,2,2,0,0,0,0,FAILED — every query errored
TAi.170,SAIDULLAH JAN,Taliban,2026-09-29,1,1,0,3,0,1,FAILED — every query errored
TAi.171,MUHAMMAD OMAR ZADRAN,Taliban,2026-09-29,1,1,0,0,0,0,FAILED — every query errored
TAi.172,RAHMATULLAH SHAH NAWAZ,Taliban,2026-09-29,2,2,0,0,0,0,FAILED — every query errored
TAi.173,ABDUL BASIR NOORZAI,Taliban,2026-09-29,3,3,0,4,3,1,FAILED — every query errored
TAi.174,TOREK AGHA,Taliban,2026-09-29,3,3,0,0,0,0,FAILED — every query errored
YEe.001,THE HOUTHIS,Yemen,2026-09-29,4,4,0,100,69,2,FAILED — every query errored
YEi.001,ABD AL-KHALIQ AL-HOUTHI,Yemen,2026-09-29,4,4,0,0,0,0,FAILED — every query errored
YEi.002,ABDULLAH YAHYA AL HAKIM,Yemen,2026-09-29,4,4,0,0,0,0,FAILED — every query errored
YEi.004,ABDULMALIK AL-HOUTHI,Yemen,2026-09-29,1,1,0,1,1,0,FAILED — every query errored
YEi.006,SULTAN SALEH AIDA AIDA ZABIN,Yemen,2026-09-29,6,6,0,0,0,0,FAILED — every query errored
YEi.007,SALEH MESFER SALEH AL SHAER,Yemen,2026-09-29,8,8,0,0,0,0,FAILED — every query errored
YEi.008,MUHAMMAD ABD AL-KARIM AL-GHAMARI,Yemen,2026-09-29,4,4,0,0,0,0,FAILED — every query errored
YEi.009,YUSUF AL-MADANI,Yemen,2026-09-29,2,2,0,0,0,0,FAILED — every query errored
YEi.010,MANSUR AL-SA’ADI,Yemen,2026-09-29,4,4,0,0,0,0,FAILED — every query errored
YEi.011,MOTLAQ AMER AL-MARRANI,Yemen,2026-09-29,2,2,0,0,0,0,FAILED — every query errored
YEi.012,AHMAD AL-HAMZI,Yemen,2026-09-29,4,4,0,0,0,0,FAILED — every query errored
